ID,Start_Time,End_Time,Start_Lat,Start_Lng,End_Lat,End_Lng,Temperature(F),Humidity(%),Visibility(mi),Weather_Condition
A-0,2020-01-01 00:00:00,2020-01-01 00:30:00,33.9889628523367,-84.20478230087453,29.44319029212687,-94.41233824723557,50.93645469887248,84.47670298956727,6.890678444984531,Cloudy
A-1,2020-01-01 01:00:00,2020-01-01 01:30:00,47.81714335383799,-93.44250711838514,38.0056227370806,-96.68663297510534,49.75830392575999,78.80750151892458,8.068473273318038,Cloudy
A-2,2020-01-01 02:00:00,2020-01-01 02:30:00,42.56785460347372,-106.35692587167932,45.9507000610338,-122.53840224903317,102.50036644168293,61.617605631001595,2.8794450385287402,Fog
A-3,2020-01-01 03:00:00,2020-01-01 03:30:00,39.36780362072888,-77.61368387670393,42.57339727382947,-104.54887382530909,49.96369598796049,96.04424292507397,6.43630394626649,Clear
A-4,2020-01-01 04:00:00,2020-01-01 04:30:00,28.744447370618477,-84.97032316442889,44.35746754867479,-102.32884972920615,51.75597809029048,28.042706397556252,5.931586839865613,Fog
A-5,2020-01-01 05:00:00,2020-01-01 05:30:00,28.743868488068863,-114.73083445734119,40.81080080105721,-101.26710148887668,90.7518609934371,19.83377892786593,8.411888579488576,Fog
A-6,2020-01-01 06:00:00,2020-01-01 06:30:00,26.394006692036786,-72.07715048385097,41.61463754842846,-90.93017495404206,65.9791873960432,86.85657702598799,9.107827074571976,Cloudy
A-7,2020-01-01 07:00:00,2020-01-01 07:30:00,45.788227498598445,-77.11537715337937,45.38069563756766,-93.58465483656792,92.1368445564145,49.52348349703735,0.6154893290351746,Clear
A-8,2020-01-01 08:00:00,2020-01-01 08:30:00,39.42676028183701,-69.86140494236034,30.99203221262046,-89.34940971077366,35.22929260515082,86.22719687863544,6.90318923105853,Rain
A-9,2020-01-01 09:00:00,2020-01-01 09:30:00,41.99374186710509,-82.63398802186347,36.746199127435375,-80.40165409209868,69.00569549387075,90.37811846758734,0.9924400916374256,Clear
A-10,2020-01-01 10:00:00,2020-01-01 10:30:00,25.49402786309926,-89.03533383165998,30.309026603670453,-77.65981289318267,32.68908801466261,15.62118342571643,5.714157318234881,Fog
A-11,2020-01-01 11:00:00,2020-01-01 11:30:00,48.277836451887865,-100.16014693143472,48.704032191919524,-83.06698465508981,35.01225627642836,89.51182866874547,3.232510925914943,Fog
A-12,2020-01-01 12:00:00,2020-01-01 12:30:00,44.97862337921012,-70.83447644882125,47.65742415247872,-69.53514933056871,102.51499626755287,50.348714983247994,3.4143776954603413,Fog
A-13,2020-01-01 13:00:00,2020-01-01 13:30:00,30.096138656278626,-74.63435829847673,25.94624347284414,-122.96074278744739,41.13962968940761,55.9389240103809,3.8531057827973876,Clear
A-14,2020-01-01 14:00:00,2020-01-01 14:30:00,29.363799212970413,-121.4225358039472,41.93380414037652,-112.84065481603787,72.59365458201736,66.39332599838892,6.4022782659712965,Cloudy
A-15,2020-01-01 15:00:00,2020-01-01 15:30:00,29.401708236482413,-122.49708245365663,47.20595961797598,-123.5689161262459,62.887648208056525,93.3744346057078,3.6734746738533075,Fog
A-16,2020-01-01 16:00:00,2020-01-01 16:30:00,32.30181383102891,-102.54158808795117,29.333808283056005,-87.09394129318763,57.78746610070741,11.720448498678763,7.460640980607664,Fog
A-17,2020-01-01 17:00:00,2020-01-01 17:30:00,37.59415435917371,-77.79846014543553,38.630685533263105,-72.81225870985074,101.9866676549818,52.91591214860354,4.343010162951762,Clear
A-18,2020-01-01 18:00:00,2020-01-01 18:30:00,35.36668044741078,-67.72526062904817,46.971719142113,-110.12150909515094,31.74587174203916,71.89498381875046,1.149355402944607,Rain
A-19,2020-01-01 19:00:00,2020-01-01 19:30:00,31.989499364753005,-115.4262372070989,25.814703486059173,-71.15903094661053,83.10317489404713,75.04362619284056,7.945718503599019,Rain
A-20,2020-01-01 20:00:00,2020-01-01 20:30:00,39.6844694733371,-90.13454922492829,41.73808641392416,-120.56475875349503,107.07155473708403,72.32791883833971,3.214704083630707,Cloudy
A-21,2020-01-01 21:00:00,2020-01-01 21:30:00,28.347852655649003,-102.28922117203177,32.13637617694122,-70.73714647208568,74.81345467694736,22.099161646730966,4.611285356192995,Cloudy
A-22,2020-01-01 22:00:00,2020-01-01 22:30:00,32.01147156484524,-68.71487932456762,47.18550868903673,-103.95750682734084,104.94579696264735,36.94560295345131,7.0117168906080645,Fog
A-23,2020-01-01 23:00:00,2020-01-01 23:30:00,33.7926842390486,-75.9992213812646,48.30539788396882,-118.21901277839466,34.1806303428819,42.28439728753121,3.658333492912764,Clear
A-24,2020-01-02 00:00:00,2020-01-02 00:30:00,35.94567962120886,-76.21526383146514,47.66239573872241,-96.30530972637943,63.50346552593291,82.39934869115545,1.0375637333937984,Fog
A-25,2020-01-02 01:00:00,2020-01-02 01:30:00,43.844223073432325,-97.28448989168669,36.38114119977913,-109.36373563993105,50.81262327696409,35.088388517309774,4.052249946621729,Cloudy
A-26,2020-01-02 02:00:00,2020-01-02 02:30:00,29.792170771800635,-100.35528836675309,45.68902362374352,-107.7622445881704,88.46567719845838,28.963446748048284,9.472261535595882,Clear
A-27,2020-01-02 03:00:00,2020-01-02 03:30:00,37.34162652192668,-108.41579689994974,45.26918556484169,-106.48447199920167,108.50376723977973,96.17032171342865,6.596476774336303,Clear
A-28,2020-01-02 04:00:00,2020-01-02 04:30:00,39.217949652689015,-120.78659669089716,32.65841135783813,-78.22752382353818,50.52240499553982,10.7976956602122,6.879051912338466,Cloudy
A-29,2020-01-02 05:00:00,2020-01-02 05:30:00,26.114809905279945,-74.71082455346198,44.89397137961626,-93.2678072295105,82.33396811792596,99.80387701137803,6.506680459557579,Rain
A-30,2020-01-02 06:00:00,2020-01-02 06:30:00,39.58107644563452,-77.66464247958558,25.888183233171823,-106.2554611481078,45.847810620779214,70.9139168971656,2.3904253201146495,Rain
A-31,2020-01-02 07:00:00,2020-01-02 07:30:00,29.092578968494998,-67.01609262269056,39.310477083569275,-89.21097435127766,75.22642036572879,84.56223695042054,4.474171708971661,Clear
A-32,2020-01-02 08:00:00,2020-01-02 08:30:00,26.56123823164671,-67.1917002867874,30.520212094904874,-83.17941156927796,67.1145989350669,36.51574567115738,7.633928084451523,Fog
A-33,2020-01-02 09:00:00,2020-01-02 09:30:00,47.77325289408,-92.34039278065023,27.89360525865469,-108.46043195818858,107.76042637052296,11.288374990035399,1.4630425267550118,Rain
A-34,2020-01-02 10:00:00,2020-01-02 10:30:00,48.175168793789425,-80.1677173347109,26.84687683910102,-100.42770121305496,78.68218181571733,76.40825667053771,3.1396013728522663,Fog
A-35,2020-01-02 11:00:00,2020-01-02 11:30:00,44.40153635479507,-70.1483533967016,41.710930621075356,-117.05249267979399,57.960509766945506,85.07301373006082,3.125031530425609,Rain
A-36,2020-01-02 12:00:00,2020-01-02 12:30:00,32.3107304601609,-75.57009873138755,33.15699913043359,-113.67448707652322,39.127662791034666,76.64285187581672,4.604179812147807,Rain
A-37,2020-01-02 13:00:00,2020-01-02 13:30:00,27.34413073615321,-109.90115820063774,42.39440251669028,-85.17628232399598,42.09974629879476,22.856525857075475,9.813503038950758,Fog
A-38,2020-01-02 14:00:00,2020-01-02 14:30:00,41.42159263629176,-98.31898428732467,26.568552179174617,-113.65801418134926,48.025354396098805,77.80851300312722,1.1412741934963084,Cloudy
A-39,2020-01-02 15:00:00,2020-01-02 15:30:00,35.56365984975043,-116.63791333636479,32.56696810793465,-94.06568713097757,50.07733290722384,79.20305038968769,5.427659446615653,Rain
A-40,2020-01-02 16:00:00,2020-01-02 16:30:00,27.92891763627469,-69.61909144625282,37.94779101700809,-83.58436308182134,98.04928462729103,69.26864641030494,2.2039644791159994,Rain
A-41,2020-01-02 17:00:00,2020-01-02 17:30:00,36.88424584267048,-89.44804583629984,43.97735595613513,-117.9080153835996,74.89782306260199,78.95043395160276,9.721427181392569,Fog
A-42,2020-01-02 18:00:00,2020-01-02 18:30:00,25.82532450676524,-110.96736008630262,32.650060070369676,-91.6632034811525,71.87127290994931,86.1329295709959,1.5763832949109098,Cloudy
A-43,2020-01-02 19:00:00,2020-01-02 19:30:00,46.82368964989077,-85.71306098886618,40.02139303448822,-109.37592132902226,39.1815097495374,65.22437028137125,4.334209522435117,Rain
A-44,2020-01-02 20:00:00,2020-01-02 20:30:00,31.210719558400406,-88.76669029389994,46.26346595766849,-69.11316811145795,98.8111754679548,17.974424257271117,7.509907355928759,Rain
A-45,2020-01-02 21:00:00,2020-01-02 21:30:00,40.900534824495566,-103.5847250721281,39.78071651637531,-96.4378981369643,87.8251442566787,53.88650287004898,7.19326706626073,Cloudy
A-46,2020-01-02 22:00:00,2020-01-02 22:30:00,32.481065826145866,-117.52721724462114,30.59102739408721,-78.05842466281598,35.41346895200013,16.988440120444455,4.515922050492357,Rain
A-47,2020-01-02 23:00:00,2020-01-02 23:30:00,37.48163250826746,-85.72032785121041,25.58561875735691,-92.63708709709309,86.62680777838149,46.678872792918774,3.7919795955508233,Cloudy
A-48,2020-01-03 00:00:00,2020-01-03 00:30:00,38.12104670423871,-94.34246104848378,45.88237297362232,-121.5254856272753,73.48305738741169,46.63958402130649,4.277317596252271,Cloudy
A-49,2020-01-03 01:00:00,2020-01-03 01:30:00,29.436506932612648,-79.97785167106855,25.51046586040929,-87.91037159114072,36.53802765974226,15.940885972621743,3.010624500007073,Fog
A-50,2020-01-03 02:00:00,2020-01-03 02:30:00,48.270031066349404,-94.35068043661637,45.99284014442078,-69.77000949422055,66.66405132229252,41.39384805725314,2.450662917714598,Clear
A-51,2020-01-03 03:00:00,2020-01-03 03:30:00,43.60318776066675,-75.42565448184321,37.69449121665309,-89.70812625165912,68.77570297040376,19.989828891218338,5.088877126809455,Cloudy
A-52,2020-01-03 04:00:00,2020-01-03 04:30:00,47.54797459754054,-92.54131018985433,47.53762476430951,-77.30623501267296,43.26196321306206,82.74116890082999,3.0510706826422695,Fog
A-53,2020-01-03 05:00:00,2020-01-03 05:30:00,46.475856410263575,-92.02653562248298,44.17079765856797,-73.60023158914075,105.65585176002259,95.29192233680237,3.230885816523876,Clear
A-54,2020-01-03 06:00:00,2020-01-03 06:30:00,39.349599491466044,-74.03074464847433,48.950418652800096,-110.99945299891085,97.99802971845295,16.508482773214475,6.739182603008292,Rain
A-55,2020-01-03 07:00:00,2020-01-03 07:30:00,47.12498164055481,-101.00147662589336,33.417083570841044,-111.91344412523108,83.52178698632866,95.96036865625312,9.701104651148976,Clear
A-56,2020-01-03 08:00:00,2020-01-03 08:30:00,27.123820049246067,-116.36113197831348,43.41251893434705,-89.17408363549347,66.98364488004857,57.031893940307064,6.234553405314063,Cloudy
A-57,2020-01-03 09:00:00,2020-01-03 09:30:00,29.703588698059484,-122.35938745013968,34.646341926621815,-100.57137722101783,62.941243326760684,36.96091101584865,1.2313049371171796,Cloudy
A-58,2020-01-03 10:00:00,2020-01-03 10:30:00,26.085454933852915,-80.95717642660372,36.51701488729381,-76.12790573659694,82.07787737207633,16.917586774854716,1.2180443316136362,Cloudy
A-59,2020-01-03 11:00:00,2020-01-03 11:30:00,32.80792793831834,-88.64235557285252,40.060131117240886,-72.69868196631336,73.63454955255244,55.056184126337605,9.538520598032877,Cloudy
A-60,2020-01-03 12:00:00,2020-01-03 12:30:00,34.32825495254757,-83.86745321834425,45.96825074047213,-103.85498137974507,34.98184847055085,81.50639900416738,3.3242625079196695,Cloudy
A-61,2020-01-03 13:00:00,2020-01-03 13:30:00,31.512376762573503,-111.86104279399208,48.618003260783084,-110.49837813845453,71.00021190162653,73.63778295400283,1.3746363677835167,Fog
A-62,2020-01-03 14:00:00,2020-01-03 14:30:00,44.8897002196463,-116.22682589155413,43.438561932748435,-79.51004563109987,94.51228937862716,14.520341031757638,6.190923577928625,Cloudy
A-63,2020-01-03 15:00:00,2020-01-03 15:30:00,33.56207984064614,-123.17095405693073,35.02640277201601,-108.33605597375625,66.73919020775665,16.561165183111317,6.424663393757528,Fog
A-64,2020-01-03 16:00:00,2020-01-03 16:30:00,31.74242823249714,-104.01650914802397,35.112568054649685,-77.11098384472032,34.156526204341475,46.25859543693734,6.660795791127537,Rain
A-65,2020-01-03 17:00:00,2020-01-03 17:30:00,38.02470599579796,-90.37469184928591,42.7019752381334,-99.84691954202052,92.90225595072265,36.57614446431489,3.0403192646466426,Cloudy
A-66,2020-01-03 18:00:00,2020-01-03 18:30:00,28.382181399394305,-101.64208942931526,30.730651498439258,-85.94965574038619,46.10910257087795,30.914589075044304,0.6435515000375128,Cloudy
A-67,2020-01-03 19:00:00,2020-01-03 19:30:00,44.25272753809695,-99.06392944464744,27.65137871515347,-118.55448711142391,50.6896667910431,35.29040490178423,9.667646009817483,Clear
A-68,2020-01-03 20:00:00,2020-01-03 20:30:00,26.7892154483145,-72.46295441385634,33.51093178337864,-88.44001849343533,43.17650827458367,82.31344689671961,2.883483934065474,Rain
A-69,2020-01-03 21:00:00,2020-01-03 21:30:00,48.685286478412415,-104.14943837967188,31.89373579969796,-98.24924231197794,56.4172051897198,93.63052482686685,6.922249736499201,Cloudy
A-70,2020-01-03 22:00:00,2020-01-03 22:30:00,43.53387446311978,-94.70259911789078,32.111394890943764,-90.56331759899797,90.5401204550908,46.45924250748098,7.212983763847741,Cloudy
A-71,2020-01-03 23:00:00,2020-01-03 23:30:00,29.76917635682014,-79.33177827375485,30.60658602519784,-114.42319015854278,71.55086876031498,91.54999019192473,6.295070462255114,Rain
A-72,2020-01-04 00:00:00,2020-01-04 00:30:00,25.132530810966458,-101.3970614076876,26.010236551272683,-81.99819653818162,46.390501932057006,38.93461311230938,3.472620245029658,Fog
A-73,2020-01-04 01:00:00,2020-01-04 01:30:00,44.571074282916015,-88.54105808701121,25.42897443360193,-74.82056658003597,100.22640625216327,52.87932877094124,3.0754144107586248,Cloudy
A-74,2020-01-04 02:00:00,2020-01-04 02:30:00,41.96457625234281,-74.84526860143552,48.70533735366476,-111.64583139482579,100.36654839612234,30.342609803439974,6.17784868567568,Clear
A-75,2020-01-04 03:00:00,2020-01-04 03:30:00,42.496172032983694,-69.8773244515144,35.266555209660694,-118.54427033535079,99.64627400368056,67.64284379582597,8.72790851931107,Cloudy
A-76,2020-01-04 04:00:00,2020-01-04 04:30:00,43.5104883204627,-115.61681158704484,34.22383953183236,-122.65260059535882,49.10369691052314,98.1083003657328,9.493970424772257,Clear
A-77,2020-01-04 05:00:00,2020-01-04 05:30:00,26.777071641618168,-71.18450536579482,41.31153478463368,-87.40762447473384,66.09914753447904,64.31437864390408,1.5061051418356974,Clear
A-78,2020-01-04 06:00:00,2020-01-04 06:30:00,33.603177485062545,-95.94937129446632,30.238093308761542,-89.3956399429395,108.79917249127001,42.203267570219396,1.9708718196783386,Cloudy
A-79,2020-01-04 07:00:00,2020-01-04 07:30:00,27.780857428603113,-109.28006986695938,47.799068414805404,-92.838247475298,91.76099810479923,68.30357013914755,9.474994458439257,Cloudy
A-80,2020-01-04 08:00:00,2020-01-04 08:30:00,45.714482221014244,-97.8292618944191,43.87228034597325,-110.7790155213894,32.173393698044784,21.06286106188488,7.49708466918053,Clear
A-81,2020-01-04 09:00:00,2020-01-04 09:30:00,39.95915504386139,-68.13814320872781,27.14586405549423,-101.71835823338566,35.216367300839366,89.97931722388587,8.888441335882844,Rain
A-82,2020-01-04 10:00:00,2020-01-04 10:30:00,32.94155259646358,-95.92076864240643,35.02193861883828,-90.11484889438813,67.11451014498662,55.27755557018527,2.42501002428576,Rain
A-83,2020-01-04 11:00:00,2020-01-04 11:30:00,26.525400406864566,-105.26115821361203,46.098839381491956,-95.68428904502734,102.73761646892481,50.441476783567786,6.082065775539317,Cloudy
A-84,2020-01-04 12:00:00,2020-01-04 12:30:00,32.46357572117589,-87.89615130394662,47.67356853499385,-67.69622534775142,73.09614383621714,62.727830960816725,7.1608261469659995,Fog
A-85,2020-01-04 13:00:00,2020-01-04 13:30:00,32.804399728641926,-110.311699729643,36.21763626999687,-116.22293410426622,69.82500064274322,66.23054765104622,6.96106291174624,Rain
A-86,2020-01-04 14:00:00,2020-01-04 14:30:00,42.51054828011354,-119.67579029780616,39.721873341056984,-84.37676041928715,38.43789599653044,16.459822560386172,4.377441063233633,Cloudy
A-87,2020-01-04 15:00:00,2020-01-04 15:30:00,40.301379312525114,-116.653855851093,29.008814706209805,-100.95383021805534,82.54240837794353,71.43554991010622,0.6462514710674305,Rain
A-88,2020-01-04 16:00:00,2020-01-04 16:30:00,46.29310582183184,-116.70138717940696,48.78804702728743,-99.59262194923996,95.76825284801804,31.773851228397664,6.0377975396405,Fog
A-89,2020-01-04 17:00:00,2020-01-04 17:30:00,36.33315820388678,-115.34154646979923,30.560120833202642,-83.09692735748396,60.43360060060499,74.25573692559308,2.9044646222062833,Cloudy
A-90,2020-01-04 18:00:00,2020-01-04 18:30:00,27.87026190251924,-116.08685115898362,47.62556257924302,-84.53113937451093,92.0489480740262,84.0281314945777,4.777415338357458,Fog
A-91,2020-01-04 19:00:00,2020-01-04 19:30:00,42.11787489335188,-87.47013954621677,40.59151957581685,-67.49840835897527,107.15813231206494,82.35626567972683,9.597019643296264,Cloudy
A-92,2020-01-04 20:00:00,2020-01-04 20:30:00,43.25884116680554,-113.63283518924874,39.58568307709262,-116.68152550111486,46.30131673021513,59.72508706671002,4.29083551760313,Fog
A-93,2020-01-04 21:00:00,2020-01-04 21:30:00,38.470652741667905,-104.2969648505398,37.30452426439621,-118.06574998510251,71.8663704955793,56.81529030796761,8.478115263312054,Rain
A-94,2020-01-04 22:00:00,2020-01-04 22:30:00,43.50321231890946,-72.88306063535732,30.53607548122621,-82.71268742366175,52.971036646766045,22.858836520547055,2.2911357546178857,Rain
A-95,2020-01-04 23:00:00,2020-01-04 23:30:00,36.851094312745374,-96.98418650501628,29.2366727681322,-91.03194573063467,93.42835352270714,79.7811535362822,6.888374731237774,Fog
A-96,2020-01-05 00:00:00,2020-01-05 00:30:00,37.54558790516786,-85.94920890430146,30.291669017684207,-108.37284200609106,76.2074692704926,34.42684424020429,9.781566067169964,Fog
A-97,2020-01-05 01:00:00,2020-01-05 01:30:00,35.26098444060519,-114.17776734150709,29.474518291462108,-119.47309596762776,80.76659340402429,54.70258805361519,1.4679844582928996,Fog
A-98,2020-01-05 02:00:00,2020-01-05 02:30:00,25.610059041858285,-113.03952592790577,43.71002736560208,-119.11747977300345,93.83313276927153,35.5846683634765,0.5790394511583241,Cloudy
A-99,2020-01-05 03:00:00,2020-01-05 03:30:00,27.58939424783931,-121.67048887281071,33.40300622000152,-73.03112014414526,61.677637812996394,22.044552669972383,4.619036530009836,Rain
A-100,2020-01-05 04:00:00,2020-01-05 04:30:00,25.754300456481623,-114.37070140488662,26.388224237521513,-113.06356249103166,103.20720547256346,66.66019272025629,1.3799420889879883,Cloudy
A-101,2020-01-05 05:00:00,2020-01-05 05:30:00,40.27384987033073,-108.12035067517836,48.25846312337947,-105.56782095941531,72.6423093796912,14.889883134061344,7.609651321924198,Rain
A-102,2020-01-05 06:00:00,2020-01-05 06:30:00,32.54454354583184,-113.91040239622544,46.21086123912222,-111.08058507306168,42.63638582682784,77.378071071358,9.18821230656131,Clear
A-103,2020-01-05 07:00:00,2020-01-05 07:30:00,37.205696587952865,-118.94395557584782,47.26605479668511,-103.76521056757957,85.67192945350419,38.5828115735005,4.623199240733209,Cloudy
A-104,2020-01-05 08:00:00,2020-01-05 08:30:00,46.78159537422623,-117.12375534726576,48.877787743514446,-120.04284096347268,93.46090803506036,10.012122370403679,2.957760600476689,Rain
A-105,2020-01-05 09:00:00,2020-01-05 09:30:00,30.983013499572998,-97.73561022213462,29.173485981267696,-94.41359191822859,55.34093416540213,56.001622531350684,4.626831530562793,Rain
A-106,2020-01-05 10:00:00,2020-01-05 10:30:00,34.849190152855115,-112.23897805086983,34.50980845366381,-120.14608387524375,98.57434055990024,14.216671767484282,7.37275426957501,Cloudy
A-107,2020-01-05 11:00:00,2020-01-05 11:30:00,43.13322732503317,-103.2366179202597,43.19772341689819,-78.37967905412539,102.4914603812613,34.85526020388095,0.5860145350135243,Cloudy
A-108,2020-01-05 12:00:00,2020-01-05 12:30:00,30.49115597179894,-95.30521556127316,41.704494833291015,-110.67841133110532,52.15235899022471,73.62788387101446,6.099812900104623,Rain
A-109,2020-01-05 13:00:00,2020-01-05 13:30:00,26.847517835891033,-84.64749476812618,28.69350175215652,-93.2193208675429,108.68171781721776,15.642065945967929,6.326271006430101,Cloudy
A-110,2020-01-05 14:00:00,2020-01-05 14:30:00,31.95403486993043,-121.75920802905736,44.579994999774826,-73.83549200899688,41.256922243900675,85.54046431204021,6.558038345511387,Fog
A-111,2020-01-05 15:00:00,2020-01-05 15:30:00,28.869310894096106,-78.43360726218457,30.386573724079856,-86.89998996430992,46.1612534721992,10.34379303927248,2.7992097598183334,Cloudy
A-112,2020-01-05 16:00:00,2020-01-05 16:30:00,47.312743656221755,-88.20967779901827,30.371622755742955,-93.62140616657389,44.73798713904209,32.2141482281712,7.283500872092204,Cloudy
A-113,2020-01-05 17:00:00,2020-01-05 17:30:00,44.39488910954601,-119.3397351789143,37.88738614944192,-105.51297607242358,101.51917680062964,76.68136505368643,1.3682191201518759,Cloudy
A-114,2020-01-05 18:00:00,2020-01-05 18:30:00,40.201690156250166,-74.2060184259137,39.23055843620088,-105.01889095568272,82.34340418599695,38.46431347563761,2.3930681964346077,Rain
A-115,2020-01-05 19:00:00,2020-01-05 19:30:00,45.91505416450522,-71.51027316968666,38.92206898810747,-85.83924355370317,42.16834265778183,19.17031492594122,8.835965443217578,Fog
A-116,2020-01-05 20:00:00,2020-01-05 20:30:00,44.28812984557875,-120.51855628827276,27.195684097546117,-67.33405641039346,65.22587346946793,42.42105269203851,7.51786993190238,Clear
A-117,2020-01-05 21:00:00,2020-01-05 21:30:00,29.47768141326486,-108.21797405560939,46.05906070312913,-86.27516617858541,79.22384200558416,34.3353957746073,0.6305827631077798,Clear
A-118,2020-01-05 22:00:00,2020-01-05 22:30:00,46.421415963759465,-78.04652705179551,31.374401022128946,-92.20634520990858,36.67712679915066,85.84407119444994,2.859574473513102,Fog
A-119,2020-01-05 23:00:00,2020-01-05 23:30:00,37.94421380597562,-81.34919764813148,28.1083581107873,-82.35292091636298,100.5933094725871,38.20131258266288,2.5368615884350634,Fog
A-120,2020-01-06 00:00:00,2020-01-06 00:30:00,44.3785637239375,-113.4823018966865,46.32995391685545,-97.48328009982806,94.28828283532282,81.00392245984065,3.0726601163512397,Fog
A-121,2020-01-06 01:00:00,2020-01-06 01:30:00,46.50619119816383,-112.06708856980751,47.93563595751408,-120.57188647175525,70.41654188613106,90.26849303296612,2.8518178176589206,Rain
A-122,2020-01-06 02:00:00,2020-01-06 02:30:00,32.632083399324735,-102.88309014089123,45.69106281437082,-91.94908149495913,107.37012922073363,49.04356776188766,1.0939998095570345,Clear
A-123,2020-01-06 03:00:00,2020-01-06 03:30:00,27.64124618866424,-96.38218984411179,44.42838579339707,-69.41535878319333,63.420878342007974,91.89488294689528,4.8599349076697935,Fog
A-124,2020-01-06 04:00:00,2020-01-06 04:30:00,30.4704439010066,-88.75947802277312,40.72580753533652,-114.0077322856134,108.72882552291982,43.95862485668736,7.4609680104685685,Rain
A-125,2020-01-06 05:00:00,2020-01-06 05:30:00,35.250586927030156,-102.97192254452297,38.22057689461934,-84.66972122322206,83.43359990429016,96.76705748410974,6.263951384815646,Clear
A-126,2020-01-06 06:00:00,2020-01-06 06:30:00,44.63235438213984,-97.63552118041056,27.087682237873842,-112.54677974643378,80.77370186031531,18.036057207301564,6.8922808516817575,Cloudy
A-127,2020-01-06 07:00:00,2020-01-06 07:30:00,45.657533998152246,-81.39415652637588,34.802877113696766,-93.45782198503437,43.2763916236628,71.83173398529185,1.270917196094272,Rain
A-128,2020-01-06 08:00:00,2020-01-06 08:30:00,25.166851132748576,-121.90905743523592,33.944524408295536,-118.48944237013698,100.55422066437151,54.44326364112358,9.53916174667948,Clear
A-129,2020-01-06 09:00:00,2020-01-06 09:30:00,37.257935261861576,-109.61109417239082,31.234090810247828,-98.32885663328345,64.19917503364921,44.88839249100823,8.465672421508735,Rain
A-130,2020-01-06 10:00:00,2020-01-06 10:30:00,35.0178640755707,-83.3390736045805,42.36208272852604,-80.89869025297097,42.97867246259835,66.94406908737409,8.148358025708795,Clear
A-131,2020-01-06 11:00:00,2020-01-06 11:30:00,30.330587451297525,-72.97321025182964,36.9010176418905,-104.18842311837803,31.00860159806072,73.34713824708982,8.31834614789679,Clear
A-132,2020-01-06 12:00:00,2020-01-06 12:30:00,27.876768816008386,-94.83438579940703,26.94510918178355,-86.10003170422857,74.7804546910706,10.392694268527817,9.360749827261232,Cloudy
A-133,2020-01-06 13:00:00,2020-01-06 13:30:00,33.10276411368707,-93.66953133987701,30.284396846795474,-78.65935223498543,72.19196976981411,25.025777987247885,5.670412678080128,Rain
A-134,2020-01-06 14:00:00,2020-01-06 14:30:00,47.629832893900456,-117.89119535363277,41.3982103278303,-71.1508642896712,87.54828978953269,74.17414455708868,2.402679169742446,Fog
A-135,2020-01-06 15:00:00,2020-01-06 15:30:00,32.75687036849813,-98.49749509106309,26.827140627767204,-110.62540133423914,101.22064424142417,69.97468722203858,6.359444274599141,Cloudy
A-136,2020-01-06 16:00:00,2020-01-06 16:30:00,37.45097492184078,-93.64081581206368,45.428965937170446,-101.23899279886943,36.35252677144236,96.94427546158094,7.5573741898454205,Cloudy
A-137,2020-01-06 17:00:00,2020-01-06 17:30:00,41.87245501348427,-110.1791812928204,36.88351664833539,-115.3122872401662,88.51971922722899,78.49340112257048,7.5102152368632416,Clear
A-138,2020-01-06 18:00:00,2020-01-06 18:30:00,33.72711045710305,-108.65313583588528,36.534077855839556,-67.42844037697262,44.99295552780658,95.56954369582043,5.453765729585361,Fog
A-139,2020-01-06 19:00:00,2020-01-06 19:30:00,48.322769985303054,-102.49480270303651,39.21778683182842,-71.16094482831517,98.65416425257311,73.22864513813263,1.1503578336689915,Rain
A-140,2020-01-06 20:00:00,2020-01-06 20:30:00,48.09873507861067,-122.8559417266696,44.79234318220358,-93.22244357400811,95.52508110893248,36.824698777549884,4.025572915086214,Fog
A-141,2020-01-06 21:00:00,2020-01-06 21:30:00,31.04277509980874,-105.64148756175884,33.34742098965263,-76.00410222054398,73.26350039884355,19.482843002577084,9.247282780401894,Fog
A-142,2020-01-06 22:00:00,2020-01-06 22:30:00,36.93396414141725,-111.94746360119696,41.272387661417525,-94.3053952954936,86.81942388986492,80.3641477010442,6.0522646426955475,Fog
A-143,2020-01-06 23:00:00,2020-01-06 23:30:00,32.22107943560247,-105.33265092585887,38.57756713589899,-88.45561578384269,55.14800905469987,67.97342993283243,5.614153460929278,Fog
A-144,2020-01-07 00:00:00,2020-01-07 00:30:00,31.83617186505922,-117.17355848630268,31.40867848406611,-118.91990736938705,67.69343191462517,14.336741115396661,3.0541083866308383,Fog
A-145,2020-01-07 01:00:00,2020-01-07 01:30:00,25.88528673650879,-73.23994499782599,46.08711967252379,-80.94958603168195,95.73095181683773,42.40454193108805,4.0002647392075,Clear
A-146,2020-01-07 02:00:00,2020-01-07 02:30:00,39.629544015517524,-90.16523014741922,44.138224518566275,-116.72033143279161,66.7412157738571,96.11198339358576,9.005787846955108,Clear
A-147,2020-01-07 03:00:00,2020-01-07 03:30:00,37.064296557492675,-85.2911678087641,40.80284403180221,-76.91414507560589,58.623861226035345,55.03610311391811,6.831398951504939,Cloudy
A-148,2020-01-07 04:00:00,2020-01-07 04:30:00,26.235490029999745,-79.01723939938171,45.413961498261806,-79.42439900278801,69.536995780024,48.94562224177342,7.980176754147162,Clear
A-149,2020-01-07 05:00:00,2020-01-07 05:30:00,31.687515141678674,-95.58879466104374,45.81506082303525,-83.60155222865035,96.25994019497747,51.192964464336455,4.8162815191427235,Cloudy
A-150,2020-01-07 06:00:00,2020-01-07 06:30:00,46.79838126319969,-119.04554357901685,42.00071144116083,-121.93885831008856,56.81664378966982,28.799445160464735,6.4873485848335,Cloudy
A-151,2020-01-07 07:00:00,2020-01-07 07:30:00,30.74948537600734,-93.38492711634278,45.08831988072813,-106.72168371111627,43.900927450859506,43.18364537783157,2.8596442830604714,Rain
A-152,2020-01-07 08:00:00,2020-01-07 08:30:00,28.477476930189354,-90.55005627280988,41.73931508006281,-109.00258351508195,86.96112162646246,43.283193038845894,7.2018778876931195,Fog
A-153,2020-01-07 09:00:00,2020-01-07 09:30:00,36.74686624666151,-81.5099499714932,41.32337852224721,-103.47222477412342,96.07825701664655,14.711951816872517,4.5622126701817045,Clear
A-154,2020-01-07 10:00:00,2020-01-07 10:30:00,48.655610898654416,-99.39540586490827,39.846673077164425,-119.0043634344612,38.05099828188267,79.08108656661264,4.704182390740083,Rain
A-155,2020-01-07 11:00:00,2020-01-07 11:30:00,30.80932651627601,-116.72792274065287,43.06519934938339,-70.59340408722943,49.189929020475574,47.485398871349105,6.668562083480376,Clear
A-156,2020-01-07 12:00:00,2020-01-07 12:30:00,41.13125313774108,-107.82477336947271,28.80652252703377,-92.43327227939456,41.35775918087951,83.9961898134781,9.394665903954802,Cloudy
A-157,2020-01-07 13:00:00,2020-01-07 13:30:00,43.278870767889224,-103.3043091052778,46.14089822077428,-106.58511429249266,57.83531292657333,86.53132010079058,1.1080602927818988,Clear
A-158,2020-01-07 14:00:00,2020-01-07 14:30:00,30.70330105581759,-87.18271724409874,45.92424466588557,-101.37205352676585,66.02807831243301,29.079464922879225,8.335060754796572,Fog
A-159,2020-01-07 15:00:00,2020-01-07 15:30:00,42.47719236668463,-91.46563663387202,25.70193479282942,-98.50945519122436,89.90610695706451,69.16181339531157,3.2776395489158348,Cloudy
A-160,2020-01-07 16:00:00,2020-01-07 16:30:00,33.82679518526208,-103.70248662382276,44.8196020135543,-89.76612299844481,82.09180679053392,52.50536237466835,4.717234817810589,Cloudy
A-161,2020-01-07 17:00:00,2020-01-07 17:30:00,40.17533993424591,-67.76863081880015,28.092876819362687,-94.60627262129962,79.67428539827449,89.21410641293366,0.708176623362585,Rain
A-162,2020-01-07 18:00:00,2020-01-07 18:30:00,40.204713058261476,-89.47083529665744,33.042852502219404,-71.5946575267782,58.18999572877235,29.41666112588087,3.3599377394259737,Fog
A-163,2020-01-07 19:00:00,2020-01-07 19:30:00,37.8585924177942,-110.47807287104831,42.84419815099859,-95.67308147436768,97.3158042467808,71.00318802790397,5.274996804986239,Cloudy
A-164,2020-01-07 20:00:00,2020-01-07 20:30:00,27.1669544813058,-118.19839906063699,28.858237505159398,-67.44699315507117,67.70297339185316,64.69769100274503,1.0336727348006707,Fog
A-165,2020-01-07 21:00:00,2020-01-07 21:30:00,45.04725989414171,-115.28702906649308,44.631208578857496,-75.46877740852955,108.32839504121236,36.57713298146495,5.165409429140069,Clear
A-166,2020-01-07 22:00:00,2020-01-07 22:30:00,32.69872155932166,-109.98040948208303,44.97122027098581,-112.11490068163187,80.73137106365894,22.294081328605536,9.30755097415506,Fog
A-167,2020-01-07 23:00:00,2020-01-07 23:30:00,29.4764442495965,-114.84116172420532,37.17922561026007,-70.95607276529677,40.10117932516022,68.64757844295488,1.5012355720241497,Cloudy
A-168,2020-01-08 00:00:00,2020-01-08 00:30:00,25.978603397314334,-113.36567962907557,25.153260921204005,-117.36711532052786,84.09420496603472,76.47377123190977,7.762186916717291,Rain
A-169,2020-01-08 01:00:00,2020-01-08 01:30:00,39.1814306365178,-107.74957538445071,31.888915196197907,-77.40536661600208,56.00832123453592,38.4064609387015,4.3918750070719295,Cloudy
A-170,2020-01-08 02:00:00,2020-01-08 02:30:00,41.261544684214776,-114.11770506819897,39.806246041017815,-102.30447227183494,84.9061757348878,68.03493436200824,6.724150287981211,Fog
A-171,2020-01-08 03:00:00,2020-01-08 03:30:00,25.39810789426855,-72.88437079629377,48.54846827265816,-73.95546373463104,35.57129185299246,45.56178168503529,2.9722476808596787,Fog
A-172,2020-01-08 04:00:00,2020-01-08 04:30:00,37.29023339918274,-119.4266764972864,40.16352464840004,-74.52076866387533,43.99051497407675,74.18861949543559,2.015176494142904,Cloudy
A-173,2020-01-08 05:00:00,2020-01-08 05:30:00,30.435898604750513,-94.10285079449548,31.235285945539836,-78.06225219329559,98.4589807124629,27.92937474046478,2.024394835576651,Fog
A-174,2020-01-08 06:00:00,2020-01-08 06:30:00,40.484146969826796,-100.60738086158929,40.21613687439067,-78.9682651304975,48.17436456188119,90.11935023725569,1.169673483609874,Clear
A-175,2020-01-08 07:00:00,2020-01-08 07:30:00,29.184794296119794,-68.00441883620944,37.95964911318053,-106.63328907141167,96.9632900194352,35.866863681902174,2.2636436965618087,Cloudy
A-176,2020-01-08 08:00:00,2020-01-08 08:30:00,41.58250571445918,-117.61378257642102,43.71628948362745,-119.38760086607863,52.34208707635283,43.10073889805376,6.810084157395199,Rain
A-177,2020-01-08 09:00:00,2020-01-08 09:30:00,34.2816483112129,-101.32223085439273,27.567535331847,-101.0301298103858,81.43055280469662,15.22827568723148,8.876060812513327,Cloudy
A-178,2020-01-08 10:00:00,2020-01-08 10:30:00,47.48151972968163,-68.74018530330397,43.26466966004867,-114.10910264576901,85.53204588078648,20.036099108914875,8.234194013116038,Clear
A-179,2020-01-08 11:00:00,2020-01-08 11:30:00,28.300502659503838,-74.66609382404312,37.990397888226646,-84.38778793255969,71.01238025160424,56.42757124410953,7.008775943807599,Clear
A-180,2020-01-08 12:00:00,2020-01-08 12:30:00,33.1855924252062,-77.42689195589105,48.111808092615874,-104.27231558734623,54.4248541357385,34.08334090551743,1.5491027024054753,Clear
A-181,2020-01-08 13:00:00,2020-01-08 13:30:00,27.723364509774136,-109.29953885843842,33.204931984928464,-68.39021855098486,47.01155010968769,85.1932203167975,3.2472807398115235,Clear
A-182,2020-01-08 14:00:00,2020-01-08 14:30:00,47.192646838685505,-114.25940751876625,40.182925435214756,-87.46459159131606,32.6551483649941,11.322404978945846,3.4431653155634554,Clear
A-183,2020-01-08 15:00:00,2020-01-08 15:30:00,46.05614448114355,-85.88733646430742,47.36867453224042,-77.11860787284142,54.31571209925791,44.11846438047426,2.874590990777402,Rain
A-184,2020-01-08 16:00:00,2020-01-08 16:30:00,31.190599065163735,-71.02556861972761,27.460233471776302,-116.44609365371464,82.25302324250265,40.36109920921834,5.39255376724237,Fog
A-185,2020-01-08 17:00:00,2020-01-08 17:30:00,40.8396171048203,-92.264515098206,47.493483693674825,-74.86517451046052,105.06438547587861,11.739486782584093,5.58776124135689,Clear
A-186,2020-01-08 18:00:00,2020-01-08 18:30:00,44.613332804829184,-91.4180767002157,41.509257335219516,-71.40284014073652,99.69635858104417,21.19315591004592,3.890416764125547,Clear
A-187,2020-01-08 19:00:00,2020-01-08 19:30:00,38.3248194783871,-108.0411916613638,26.628089418524127,-96.23747062732065,91.28518212282421,47.227840742677174,3.860997007996142,Cloudy
A-188,2020-01-08 20:00:00,2020-01-08 20:30:00,37.71161388054416,-80.1389028080596,32.22312560672359,-89.44358254819429,93.0757874602639,54.357812600270194,8.371278180107772,Rain
A-189,2020-01-08 21:00:00,2020-01-08 21:30:00,30.80445498161084,-113.33850633222117,41.99613012748676,-80.40584134852926,83.19879227807962,46.38607725293822,7.998282059037013,Rain
A-190,2020-01-08 22:00:00,2020-01-08 22:30:00,27.23446642734158,-105.5502835249581,26.61641443525052,-114.03419824615648,50.82294860528024,57.78439105708844,3.4240604009670834,Fog
A-191,2020-01-08 23:00:00,2020-01-08 23:30:00,46.53317819087984,-99.75012299886424,38.97209104423056,-95.35373364158379,102.57560245646638,63.561850741511336,9.180990216795964,Rain
A-192,2020-01-09 00:00:00,2020-01-09 00:30:00,46.61003337191993,-95.06620841498606,33.30119336687096,-101.27620741697815,83.65858495246673,10.893143901505207,9.551742661523807,Cloudy
A-193,2020-01-09 01:00:00,2020-01-09 01:30:00,40.19443497455843,-110.18264525234042,39.90197242641945,-115.6566824467518,74.8352504784352,51.768564350815346,3.6040541492853877,Cloudy
A-194,2020-01-09 02:00:00,2020-01-09 02:30:00,33.136714985168815,-117.4543009898654,26.097808811500308,-103.05053792938271,38.879157537078484,96.71493167988295,3.8670370135340213,Fog
A-195,2020-01-09 03:00:00,2020-01-09 03:30:00,33.38102979070386,-89.19465758082694,45.916883347657034,-120.11417836502687,65.76444350451403,56.71290521165938,5.303524457508609,Cloudy
A-196,2020-01-09 04:00:00,2020-01-09 04:30:00,42.422936292885744,-107.54805846530542,48.36373526025753,-122.52872130387924,66.8286616961541,70.97880407130579,9.440647719069899,Clear
A-197,2020-01-09 05:00:00,2020-01-09 05:30:00,46.53064623886185,-90.8694213789111,48.253068526856595,-116.29552151817511,99.16508876181359,38.06774721251949,8.82503461485196,Clear
A-198,2020-01-09 06:00:00,2020-01-09 06:30:00,46.290074182362815,-115.20132522937047,42.99164396183019,-69.10243863941709,73.73185761502307,79.65922403374863,1.474395644544103,Cloudy
A-199,2020-01-09 07:00:00,2020-01-09 07:30:00,43.717013100582975,-96.57501419427541,28.122069763135165,-92.67681645398403,60.43204391763277,79.56293336885035,4.230942061078454,Fog
A-200,2020-01-09 08:00:00,2020-01-09 08:30:00,40.40875950770291,-93.6424023445596,43.19831670229654,-68.94813681426646,108.14402628085274,56.916644288872504,5.757026302622832,Rain
A-201,2020-01-09 09:00:00,2020-01-09 09:30:00,27.019359159881173,-121.04605840112167,25.590085995011236,-99.34762093518248,38.857647466105256,97.84124409512923,5.27975848923963,Fog
A-202,2020-01-09 10:00:00,2020-01-09 10:30:00,28.87908913827073,-104.81355614294652,25.530965236695934,-106.22648041414021,63.80387426495557,21.2995193286388,2.3416991454004803,Rain
A-203,2020-01-09 11:00:00,2020-01-09 11:30:00,46.5653005246499,-116.33836341447847,32.76664525958899,-95.14991381810609,33.36197401371243,11.525289840062289,8.658759326097469,Cloudy
A-204,2020-01-09 12:00:00,2020-01-09 12:30:00,39.55429743183016,-120.38762668305223,36.727436569711976,-98.94783374792412,89.19232966135442,79.31423905813864,6.930937438469955,Cloudy
A-205,2020-01-09 13:00:00,2020-01-09 13:30:00,25.220729238799112,-67.57226675377312,43.48977802738703,-117.9771129970806,103.44612417593206,82.64399836283943,8.460129561092135,Clear
A-206,2020-01-09 14:00:00,2020-01-09 14:30:00,27.43531702878477,-105.6258308364408,41.39908903855613,-87.47290006265825,52.40298636403915,20.818650620851862,8.658260653819985,Rain
A-207,2020-01-09 15:00:00,2020-01-09 15:30:00,40.92404245859334,-77.83715658628581,35.701664953041956,-111.68582359695282,98.66733414392966,33.90245496627455,7.609380609824528,Fog
A-208,2020-01-09 16:00:00,2020-01-09 16:30:00,25.121478012309247,-109.48548267846546,31.56703999075998,-88.6834865708237,53.37745843695182,11.579712702996602,4.672500711872314,Cloudy
A-209,2020-01-09 17:00:00,2020-01-09 17:30:00,28.85939323401997,-85.15434483323602,48.93098800378507,-86.93853773330525,102.86161293151322,36.39777497025082,6.300194172646533,Fog
A-210,2020-01-09 18:00:00,2020-01-09 18:30:00,38.169610944798066,-80.66701198628786,35.22835125366335,-115.33458337166707,90.31695228774271,79.58276865268044,2.02347135813756,Clear
A-211,2020-01-09 19:00:00,2020-01-09 19:30:00,41.60548474462464,-90.04859178535287,35.83328858391221,-120.50307125469192,94.39254214731508,56.6164474941321,6.899631466011623,Rain
A-212,2020-01-09 20:00:00,2020-01-09 20:30:00,40.64707022806241,-97.12015725264098,28.92697170860006,-79.49658959409894,31.44052444803636,41.328603385145925,2.202905929523167,Rain
A-213,2020-01-09 21:00:00,2020-01-09 21:30:00,30.382463427053434,-100.5250678936057,44.0754291699983,-97.79137584514875,107.02482856592208,43.456536541569726,7.09252110984649,Cloudy
A-214,2020-01-09 22:00:00,2020-01-09 22:30:00,42.092301312340865,-104.11450880704928,41.648373418755725,-120.68466365618788,88.13367936562585,10.121826314392134,2.681182527162702,Rain
A-215,2020-01-09 23:00:00,2020-01-09 23:30:00,30.6939780999232,-71.01683877787393,30.29847070693025,-67.29261992132328,54.380087630890664,36.98204748087123,1.6167373514270897,Cloudy
A-216,2020-01-10 00:00:00,2020-01-10 00:30:00,32.80959275582242,-76.65469375609945,26.977145094780226,-120.7065080232071,96.35157318870776,68.18128674741374,2.0702026563580955,Clear
A-217,2020-01-10 01:00:00,2020-01-10 01:30:00,42.915793722832575,-68.99346609200879,41.33198324979311,-84.38299195506247,52.521695873194396,97.67749994347214,0.5189252845811676,Rain
A-218,2020-01-10 02:00:00,2020-01-10 02:30:00,40.59118957713315,-116.91505826132395,40.70826914274724,-67.93030125998543,99.82030716529023,86.23547442855096,7.328026369608537,Cloudy
A-219,2020-01-10 03:00:00,2020-01-10 03:30:00,45.38136185186027,-82.34055391339228,31.558228647957023,-110.36673405969223,39.00643123295496,12.123546818097621,7.457809966054602,Fog
A-220,2020-01-10 04:00:00,2020-01-10 04:30:00,40.782709415208245,-70.51459396120084,47.82072549400985,-115.89178598482982,86.29487819686366,90.87045442073554,5.391866824175965,Cloudy
A-221,2020-01-10 05:00:00,2020-01-10 05:30:00,38.63940648005132,-113.66971522855738,28.625389402741604,-117.08105845292155,73.25587813159282,80.48785719687633,2.032946610026145,Rain
A-222,2020-01-10 06:00:00,2020-01-10 06:30:00,27.248194427874218,-120.20971276009368,35.37603522502245,-106.71331658864705,37.72275761563527,80.23385112138824,1.2937662063515525,Clear
A-223,2020-01-10 07:00:00,2020-01-10 07:30:00,33.8251792734264,-81.75612299046664,47.64678208402238,-118.24038877239315,49.35150626070712,51.21961831032144,0.6817251811542266,Rain
A-224,2020-01-10 08:00:00,2020-01-10 08:30:00,31.36485682436141,-91.25503254874502,35.073455606226936,-84.54680352343448,30.992322902185183,45.82047636590525,2.0746076811695966,Rain
A-225,2020-01-10 09:00:00,2020-01-10 09:30:00,30.855751441098008,-76.01575972477849,40.32462274393805,-120.44936750658643,67.50143723716047,37.26241559498733,8.963127582339894,Cloudy
A-226,2020-01-10 10:00:00,2020-01-10 10:30:00,48.35225331405869,-116.0329745323015,34.542265551107064,-94.96293869546199,54.10122086080003,15.91253730589292,2.7945999961659767,Fog
A-227,2020-01-10 11:00:00,2020-01-10 11:30:00,34.43434539200225,-78.66976322398625,31.58116485636808,-67.18827933038033,77.86859874382071,30.54118271443292,3.865577608563549,Rain
A-228,2020-01-10 12:00:00,2020-01-10 12:30:00,46.409117324250715,-112.50724275727856,48.61546355103587,-77.60369463815692,53.77902461668938,32.19432714802221,1.5007821025726653,Fog
A-229,2020-01-10 13:00:00,2020-01-10 13:30:00,40.14732702393431,-114.67161125665484,34.82401615156103,-88.93249202083237,53.993528920558774,53.566936273918145,2.612432395107618,Cloudy
A-230,2020-01-10 14:00:00,2020-01-10 14:30:00,44.075471284999566,-114.6368495179334,46.458380888299224,-106.54354361516313,89.45545589852827,77.26999659370246,5.432633422411949,Fog
A-231,2020-01-10 15:00:00,2020-01-10 15:30:00,37.063290234524615,-77.56924094681122,30.51891054138607,-88.43793733137662,33.85142687826828,52.64288455581519,6.273650489408699,Cloudy
A-232,2020-01-10 16:00:00,2020-01-10 16:30:00,38.84569323103262,-86.0837584203166,30.114512896602,-93.95863655703586,102.23159961535897,15.206000450244455,2.830846984579005,Clear
A-233,2020-01-10 17:00:00,2020-01-10 17:30:00,36.82042465165273,-94.1852707881602,25.74721798922827,-99.71324711824883,98.18110995129452,96.20108208893835,1.0484555126386135,Fog
A-234,2020-01-10 18:00:00,2020-01-10 18:30:00,29.685831707153067,-103.54666240496036,40.64000380902124,-116.54950852580863,83.42437465811253,94.8451887184701,4.214812256710287,Fog
A-235,2020-01-10 19:00:00,2020-01-10 19:30:00,42.338850766276124,-73.99956917365283,33.844632249370264,-73.4635597312934,77.45772560859075,80.66705888335676,2.724932023800174,Clear
A-236,2020-01-10 20:00:00,2020-01-10 20:30:00,31.73853669858054,-101.63062887690978,45.744597996151285,-98.36227501718461,101.38419985117218,99.21951114077986,2.5857622706831185,Fog
A-237,2020-01-10 21:00:00,2020-01-10 21:30:00,25.583583194354894,-77.4538319501201,36.35703776059737,-112.90651682621639,44.82641436229716,59.00340995202367,9.618696625777824,Clear
A-238,2020-01-10 22:00:00,2020-01-10 22:30:00,40.49133510177202,-98.96931021149754,48.23664226995332,-103.03771699999449,36.31753297526629,96.64915152278854,6.354854616294379,Rain
A-239,2020-01-10 23:00:00,2020-01-10 23:30:00,29.250656305769176,-102.51416752278027,29.452612376874907,-100.39460410585116,49.16081359276305,16.80445365550757,5.790345210134911,Cloudy
A-240,2020-01-11 00:00:00,2020-01-11 00:30:00,47.571006024469945,-97.62725221683243,45.84695603093466,-76.83033995268816,93.56626229601522,42.91126734352342,4.4498634834715585,Clear
A-241,2020-01-11 01:00:00,2020-01-11 01:30:00,47.8942858480621,-106.8214611726439,43.6383244670018,-82.18398030800009,32.773621338118666,30.284314120608926,4.57497116758637,Fog
A-242,2020-01-11 02:00:00,2020-01-11 02:30:00,46.956745365290764,-81.38626532995369,43.50212427145725,-80.14962106244363,76.62454680667918,27.6249775720843,5.638597536461768,Clear
A-243,2020-01-11 03:00:00,2020-01-11 03:30:00,33.883808806130666,-95.34493776472868,45.274797474805304,-123.3712179275671,109.63500129530479,22.672265400340848,7.116083166843019,Fog
A-244,2020-01-11 04:00:00,2020-01-11 04:30:00,25.37095879669282,-110.76387637663142,43.26457578263197,-100.2792221037536,98.45568750700315,66.0172277409397,7.17038791372738,Rain
A-245,2020-01-11 05:00:00,2020-01-11 05:30:00,47.27964550210541,-72.7242493233496,40.02928771915397,-96.56338335678655,71.71565512348715,80.31896701725745,2.1310921232017708,Clear
A-246,2020-01-11 06:00:00,2020-01-11 06:30:00,35.27641955961555,-102.11820038172695,28.1498770643773,-122.90604022108577,35.09127274293139,62.04685594783246,5.251071144727956,Rain
A-247,2020-01-11 07:00:00,2020-01-11 07:30:00,48.199715657048074,-93.01748691650265,25.780628307790046,-109.19064710153305,96.50988115085678,23.22664386293887,4.413601902823968,Cloudy
A-248,2020-01-11 08:00:00,2020-01-11 08:30:00,48.12687945014207,-72.33108967502082,47.100348347576485,-80.6634800820383,77.91828065417684,83.00113929401238,8.77000617955915,Fog
A-249,2020-01-11 09:00:00,2020-01-11 09:30:00,45.47222693121664,-88.41843423290246,39.79960754849771,-116.18474677344706,39.19463976476535,67.23592364473556,6.498479751574576,Fog
A-250,2020-01-11 10:00:00,2020-01-11 10:30:00,32.066773409670056,-117.33681167962325,44.11689498342823,-93.48732250720228,37.5085827858685,44.934913551429595,5.5587886309518275,Rain
A-251,2020-01-11 11:00:00,2020-01-11 11:30:00,34.242345486446204,-70.42956895403191,36.5565364363012,-111.73349329501747,102.7701455549274,70.67172659824567,1.596249100699715,Cloudy
A-252,2020-01-11 12:00:00,2020-01-11 12:30:00,45.42728011640457,-88.22064097492918,27.815396535097467,-123.30911584529808,83.53602103504628,33.39144813185496,6.253559948572409,Clear
A-253,2020-01-11 13:00:00,2020-01-11 13:30:00,32.606128123750665,-104.9103799645461,28.00445901286121,-110.25151691682613,96.34294394534044,41.06729876447895,1.6134371039622175,Clear
A-254,2020-01-11 14:00:00,2020-01-11 14:30:00,29.06782592046622,-116.06149185818693,41.453566893495314,-68.37519597012692,100.31831202258138,92.57372588187911,3.703462467874645,Fog
A-255,2020-01-11 15:00:00,2020-01-11 15:30:00,38.363230299000406,-78.74056421159312,35.327341477587105,-78.31238462266958,75.74178816386578,36.145405510427835,1.8569986657361528,Rain
A-256,2020-01-11 16:00:00,2020-01-11 16:30:00,47.46771457985874,-88.65585291207472,29.81259344080808,-69.3041312737011,71.3957081404033,52.298944134214295,7.074699646731505,Rain
A-257,2020-01-11 17:00:00,2020-01-11 17:30:00,41.70471512019935,-93.59271775734967,36.79826912179448,-96.19231949619734,64.43419282567922,90.11270236564131,2.45939508144345,Clear
A-258,2020-01-11 18:00:00,2020-01-11 18:30:00,38.68146808214476,-73.04812276609542,26.541014489803217,-117.7450366753823,55.355727023289546,73.69492152407747,4.222664045286247,Cloudy
A-259,2020-01-11 19:00:00,2020-01-11 19:30:00,27.332235850498446,-79.04995896020175,38.967313645945566,-92.7663091284995,64.76767686869694,15.598290354823249,9.008910387378398,Cloudy
A-260,2020-01-11 20:00:00,2020-01-11 20:30:00,39.76017344078007,-115.35453185523318,31.455841706442342,-98.10049193008223,91.91037245841251,23.257273985107332,2.441005642290218,Clear
A-261,2020-01-11 21:00:00,2020-01-11 21:30:00,48.76129240250232,-106.23184213565375,44.14141841529252,-75.8716462838419,78.15387448121052,10.705743169472514,5.324148107608401,Clear
A-262,2020-01-11 22:00:00,2020-01-11 22:30:00,28.362016365676578,-109.83611903057545,32.44868701416577,-118.40929289529805,101.4018631963877,66.7829611206247,4.483080781077209,Rain
A-263,2020-01-11 23:00:00,2020-01-11 23:30:00,37.43991165672968,-81.59506132335741,35.92528357796323,-96.17025518975865,65.47040115033502,50.29060828693765,0.6721783899344325,Cloudy
A-264,2020-01-12 00:00:00,2020-01-12 00:30:00,46.05695372627093,-122.08865122006057,25.278892957794415,-115.4472261124429,78.56716629750032,22.084736581204798,8.031202078941721,Clear
A-265,2020-01-12 01:00:00,2020-01-12 01:30:00,42.778446826100904,-91.51628796233496,26.738725307069412,-105.49347216726659,80.5046042473591,96.21407089510934,1.1559361099886973,Clear
A-266,2020-01-12 02:00:00,2020-01-12 02:30:00,41.72837778388643,-80.53985491278064,34.41984535376044,-81.97064658889542,77.33577298450604,57.66937515510579,5.005422699281059,Fog
A-267,2020-01-12 03:00:00,2020-01-12 03:30:00,41.85961801569062,-74.02435870458028,36.51853203321096,-96.86696662598031,86.2107018468413,31.770396470160026,5.826443801920025,Clear
A-268,2020-01-12 04:00:00,2020-01-12 04:30:00,33.627787629274124,-104.50134032319328,39.40049315486329,-102.57436774669115,48.9946774699845,55.05432140392368,6.470051337838577,Clear
A-269,2020-01-12 05:00:00,2020-01-12 05:30:00,32.04620426234784,-77.18833363369527,31.999901889023278,-101.51485212150799,70.98910220366325,71.1658299461597,7.042000478424818,Cloudy
A-270,2020-01-12 06:00:00,2020-01-12 06:30:00,44.42466773148433,-117.69399099355319,41.67956526703702,-97.81153420085876,38.337984224667814,16.861529617620803,2.9060876434657934,Rain
A-271,2020-01-12 07:00:00,2020-01-12 07:30:00,44.442721472300335,-75.75221937113247,45.64293753254091,-79.25405700128775,60.760906211585,34.72334335431028,0.594798378255269,Cloudy
A-272,2020-01-12 08:00:00,2020-01-12 08:30:00,45.80973564592249,-116.733146247077,43.716423733440394,-73.15117273040664,69.01336548970116,82.62689417955943,7.372714792371664,Rain
A-273,2020-01-12 09:00:00,2020-01-12 09:30:00,46.91777326135531,-101.35462443805906,25.95085180836057,-69.5459228692761,82.17794076363779,51.36983833623951,5.588737693801996,Fog
A-274,2020-01-12 10:00:00,2020-01-12 10:30:00,37.272217572662505,-78.55416415056544,36.532166734187896,-79.14650698344818,106.04248420689628,59.191942782906544,8.443118180468863,Clear
A-275,2020-01-12 11:00:00,2020-01-12 11:30:00,37.03639107249279,-115.4547066411199,27.518324282036197,-106.02180694236327,78.05208532386847,48.953440198852235,8.303189447556596,Fog
A-276,2020-01-12 12:00:00,2020-01-12 12:30:00,44.159084295202604,-110.93267047173944,30.80908038070066,-84.7763217530671,89.48751329412478,13.95099483787046,8.51159859398489,Rain
A-277,2020-01-12 13:00:00,2020-01-12 13:30:00,40.59913433866636,-82.83160360159522,48.679902238411515,-99.05662192884266,70.50128475961623,24.917480183814035,5.1083992698056315,Cloudy
A-278,2020-01-12 14:00:00,2020-01-12 14:30:00,41.84720505418488,-82.95791741687376,28.419893029636317,-109.48377454337508,80.72832251010651,50.09874748677018,3.6694697604502235,Cloudy
A-279,2020-01-12 15:00:00,2020-01-12 15:30:00,44.09902406646643,-87.45458492553806,36.97331568283255,-76.07031997272242,35.674577290701876,28.826691886713505,8.019802924618016,Fog
A-280,2020-01-12 16:00:00,2020-01-12 16:30:00,46.36012820362159,-84.4449386653753,39.835737623634856,-121.80969810914748,50.35132646734776,14.498112579371085,4.787294073777922,Rain
A-281,2020-01-12 17:00:00,2020-01-12 17:30:00,33.11188376443686,-93.06470672918702,41.8591592930585,-72.59956644828085,58.948247456411096,85.92846976466413,2.242700865832628,Fog
A-282,2020-01-12 18:00:00,2020-01-12 18:30:00,34.01399086335866,-109.64745364230369,38.43156840368594,-97.69578451639015,67.79946840052108,98.30732762477042,8.622253185834007,Fog
A-283,2020-01-12 19:00:00,2020-01-12 19:30:00,27.255566556180856,-104.2953283702766,25.234500338060407,-87.67951582192802,33.6518996401907,81.38285865970656,8.8843188293373,Clear
A-284,2020-01-12 20:00:00,2020-01-12 20:30:00,38.878723383908174,-113.64893014231873,32.835071397855806,-86.41682643427038,41.20192780426542,86.84064295342003,4.929942683331616,Fog
A-285,2020-01-12 21:00:00,2020-01-12 21:30:00,25.86261457112181,-72.21831800398319,37.42507944123307,-72.97828877972742,52.14514462330446,31.777941728534085,1.2191474094429808,Clear
A-286,2020-01-12 22:00:00,2020-01-12 22:30:00,36.174352435179046,-90.74666769833112,27.108795979476,-87.70982811646918,107.72261527208406,96.45642779618798,4.184347854210847,Clear
A-287,2020-01-12 23:00:00,2020-01-12 23:30:00,38.02347123298184,-101.15146924447252,33.415046349020336,-89.00578566867648,56.50776056824406,27.723313400808554,8.133607764894732,Cloudy
A-288,2020-01-13 00:00:00,2020-01-13 00:30:00,31.876990051078828,-97.66566919228444,25.7968746109928,-120.20083368804067,68.5632846489666,95.6286829325649,9.066853271189173,Clear
A-289,2020-01-13 01:00:00,2020-01-13 01:30:00,39.17999825365626,-70.00484964212653,26.8858839317205,-94.45074274912336,45.68781701907143,99.5337364569356,2.4329910537271604,Clear
A-290,2020-01-13 02:00:00,2020-01-13 02:30:00,25.732005998537186,-115.25897002238342,34.5261586288383,-115.44036695342862,78.86240568606146,74.05505251714439,1.1362493142400796,Cloudy
A-291,2020-01-13 03:00:00,2020-01-13 03:30:00,25.896356529981148,-90.58489957504256,28.18517809703345,-81.96627518287532,52.45465724127794,98.30293586126398,8.834829304761968,Fog
A-292,2020-01-13 04:00:00,2020-01-13 04:30:00,44.742413455831795,-95.16434530358543,38.62098035827739,-94.80335051367756,46.55940627507414,61.25858016103933,4.199346920299315,Rain
A-293,2020-01-13 05:00:00,2020-01-13 05:30:00,33.64457539387031,-89.14710858022508,41.547159259294375,-85.22701658512386,71.32581027567832,33.35876048584813,5.646729160541851,Rain
A-294,2020-01-13 06:00:00,2020-01-13 06:30:00,28.049452303645236,-122.9677195222121,44.21408077861799,-121.62464466566409,30.440463932833666,49.32962970990588,9.696625214482209,Rain
A-295,2020-01-13 07:00:00,2020-01-13 07:30:00,37.53383824131531,-74.28893719018336,29.803605861875443,-119.16685508538922,30.613122611938024,63.42048418409074,1.1323649151851172,Fog
A-296,2020-01-13 08:00:00,2020-01-13 08:30:00,43.47984527436666,-70.86925789843409,29.019581974217672,-83.16956688042711,47.52550472814862,16.577340582431347,6.659021070794908,Clear
A-297,2020-01-13 09:00:00,2020-01-13 09:30:00,30.179704659924237,-91.7874085354151,27.509628168025607,-119.89119284807562,32.937709000065695,66.01089381555215,1.2040015144612373,Rain
A-298,2020-01-13 10:00:00,2020-01-13 10:30:00,39.949371419656,-84.29090303901714,40.274325989047284,-119.93836651738026,38.64206033045531,98.3060053086065,4.066954820431754,Fog
A-299,2020-01-13 11:00:00,2020-01-13 11:30:00,27.048339159850432,-71.41753527289416,41.95541743568563,-123.30981691161142,57.10885194710013,27.109688480535485,8.136238179337745,Clear
A-300,2020-01-13 12:00:00,2020-01-13 12:30:00,26.240361308046584,-83.68739784413629,25.75806747581541,-69.47942029692963,94.20685436638503,81.33356046595449,4.617986211178527,Cloudy
A-301,2020-01-13 13:00:00,2020-01-13 13:30:00,37.75251115763555,-115.3052745538871,47.46909390984855,-81.9620235108366,75.76389146954406,91.71089144016574,9.97323236207803,Rain
A-302,2020-01-13 14:00:00,2020-01-13 14:30:00,37.97524291864256,-91.15156347049165,26.247310807635337,-103.86466971538235,71.01341807651332,94.93314335381987,5.811063206992721,Clear
A-303,2020-01-13 15:00:00,2020-01-13 15:30:00,40.298317635956955,-89.41724235617721,37.99111204722569,-107.09747186660366,53.47910585664973,96.41220439649025,3.551040450041558,Rain
A-304,2020-01-13 16:00:00,2020-01-13 16:30:00,42.42619200934388,-99.824551735764,42.01745246682199,-104.06691590448658,104.54029755462531,56.93136748493247,2.5910575960951547,Rain
A-305,2020-01-13 17:00:00,2020-01-13 17:30:00,48.42044990710083,-82.02267856939079,45.903258969906055,-79.84474872267263,61.76120329897533,97.95771171923533,3.829945075718537,Rain
A-306,2020-01-13 18:00:00,2020-01-13 18:30:00,37.391208359228685,-70.74108015816616,42.13808637117827,-86.30187516898638,36.96742134366172,78.1579186420995,4.039066100715733,Clear
A-307,2020-01-13 19:00:00,2020-01-13 19:30:00,32.750955350589905,-71.24259476431375,44.241473993675,-113.44385263155434,79.3653212894241,24.55042926132657,1.1527799383776292,Fog
A-308,2020-01-13 20:00:00,2020-01-13 20:30:00,44.084468674448885,-98.30215582996448,33.14680462102734,-114.07576788595719,39.10707147812811,52.9210095821173,4.010954894554345,Clear
A-309,2020-01-13 21:00:00,2020-01-13 21:30:00,31.49997403028978,-117.54543138707695,44.555802729916294,-118.39144796633636,57.61785142413537,74.64980578348036,4.910265937522636,Rain
A-310,2020-01-13 22:00:00,2020-01-13 22:30:00,35.53531409693527,-67.86405165914692,26.922756313232203,-86.36274497702372,70.5929550974247,32.2606284237175,7.366008646268644,Clear
A-311,2020-01-13 23:00:00,2020-01-13 23:30:00,26.882953152214384,-76.18280907258176,46.47559974545266,-80.43075825336105,99.93780197481406,67.65536651939986,6.738930104855275,Cloudy
A-312,2020-01-14 00:00:00,2020-01-14 00:30:00,25.60841784197098,-116.89422717141379,38.14221702768967,-108.89235358547477,69.48372642720949,69.99404311419573,7.233273724676965,Fog
A-313,2020-01-14 01:00:00,2020-01-14 01:30:00,48.1035619522702,-71.51201269080977,44.61514647909985,-122.80613722123798,86.18070128253314,24.64297694277093,0.5794549778301424,Clear
A-314,2020-01-14 02:00:00,2020-01-14 02:30:00,45.06352289229294,-74.41590736245868,35.855638828439204,-119.31621495384364,109.42534711992563,60.85767812074806,2.5678402960150923,Cloudy
A-315,2020-01-14 03:00:00,2020-01-14 03:30:00,41.70338094624875,-94.42623074381389,40.4458646847166,-68.83197801383326,40.51912959183853,79.44642198807469,6.786000739798637,Fog
A-316,2020-01-14 04:00:00,2020-01-14 04:30:00,34.81487066594248,-90.29730016253903,37.63366386246672,-107.15964768378704,51.97852204156156,54.900609808234776,5.097898997707598,Cloudy
A-317,2020-01-14 05:00:00,2020-01-14 05:30:00,29.1590636817003,-101.25684587940258,42.558148522127965,-80.15428057322639,61.56608604781171,11.089280509849669,0.5504780188492865,Fog
A-318,2020-01-14 06:00:00,2020-01-14 06:30:00,28.754489024106064,-120.87858658714421,26.95911956873415,-88.39417657530697,63.74625428310651,10.813462217136296,8.142699103102313,Clear
A-319,2020-01-14 07:00:00,2020-01-14 07:30:00,31.00582955595029,-104.89375722618365,26.44845001577353,-102.22944053978493,62.88168602124366,42.1326409573011,7.841690946258205,Cloudy
A-320,2020-01-14 08:00:00,2020-01-14 08:30:00,38.18143995294689,-78.23735342991336,30.930477616243515,-112.27582605485335,102.6088802045244,93.35746615886038,5.709982048438845,Rain
A-321,2020-01-14 09:00:00,2020-01-14 09:30:00,42.1503021448015,-123.73597468873764,28.82907232271652,-117.08097416491384,87.1226115573485,30.580910164324788,1.131401594874585,Cloudy
A-322,2020-01-14 10:00:00,2020-01-14 10:30:00,40.84473704122555,-104.99054721360478,45.92280559821284,-88.94426082178461,78.6324171272563,67.09273199845185,7.7818929705595545,Fog
A-323,2020-01-14 11:00:00,2020-01-14 11:30:00,31.718413526702626,-101.30438446531623,30.261135696593065,-79.84587450364609,54.74981742902257,29.986828362398853,6.045279083447958,Clear
A-324,2020-01-14 12:00:00,2020-01-14 12:30:00,47.91676673591666,-93.3684506325384,48.42076613965915,-87.29745754815555,95.90323073770358,38.950299069359374,7.928619783000612,Fog
A-325,2020-01-14 13:00:00,2020-01-14 13:30:00,42.709526000698446,-71.56822986447266,33.085499002506566,-93.77277840479798,106.40484091879911,86.32378806413355,7.641596427760484,Cloudy
A-326,2020-01-14 14:00:00,2020-01-14 14:30:00,38.30449726027362,-104.25827832114021,29.370829976528782,-121.60878026439673,95.69586260401812,75.59752980429522,8.128519683599453,Cloudy
A-327,2020-01-14 15:00:00,2020-01-14 15:30:00,39.681297909624455,-104.22366749191502,43.9527641714195,-68.79613967712012,30.125208415317832,18.585934958188957,5.4210766308439355,Rain
A-328,2020-01-14 16:00:00,2020-01-14 16:30:00,35.07040149826696,-81.96242885774434,40.80898661202103,-78.47329107568925,80.91210961467256,48.58318188877902,1.8330829228383925,Clear
A-329,2020-01-14 17:00:00,2020-01-14 17:30:00,30.94554374802778,-98.22357736928099,36.95669719487533,-107.309143908045,34.090830515368054,12.625278728073802,6.875995997107043,Clear
A-330,2020-01-14 18:00:00,2020-01-14 18:30:00,33.543344287630276,-111.19752509242103,38.32872522250315,-68.1416912265455,50.60857762669775,53.28011319427081,6.394500957993721,Cloudy
A-331,2020-01-14 19:00:00,2020-01-14 19:30:00,43.188306651144856,-98.21094758043648,42.26084267853433,-89.69274939072963,34.76197602782173,69.61906105309612,7.551405278391329,Clear
A-332,2020-01-14 20:00:00,2020-01-14 20:30:00,25.34544372711414,-115.97114983835141,30.48291379195117,-90.80190848218695,78.30363623595102,20.66523612383364,2.1138695574819852,Rain
A-333,2020-01-14 21:00:00,2020-01-14 21:30:00,27.78574337216599,-113.94594176914526,48.91201398536181,-81.35982877251666,84.92719307940854,35.99964450182491,2.3522643990527476,Fog
A-334,2020-01-14 22:00:00,2020-01-14 22:30:00,26.104063408522066,-95.59303695384966,48.395035891522795,-77.72912207886216,39.15901104527241,45.805296295194125,8.958890413583621,Clear
A-335,2020-01-14 23:00:00,2020-01-14 23:30:00,25.977491255655284,-100.12124937824078,40.60781647232648,-86.58071938210435,60.707110643598355,92.75779221904448,7.6247890852946725,Cloudy
A-336,2020-01-15 00:00:00,2020-01-15 00:30:00,45.53105401626417,-71.85378363911829,29.789018822299482,-116.69854245712659,66.49892071644337,99.39295138806676,9.128170642653068,Fog
A-337,2020-01-15 01:00:00,2020-01-15 01:30:00,41.887788625120564,-103.34354775035192,41.32547781835099,-104.71875215831359,59.52424174087333,14.042016909605426,7.707795551057247,Fog
A-338,2020-01-15 02:00:00,2020-01-15 02:30:00,36.3801718980958,-90.90646403415153,26.73276181550022,-71.09923250141517,39.682000038815445,78.49071311458529,6.1729754069078675,Rain
A-339,2020-01-15 03:00:00,2020-01-15 03:30:00,27.348019855624035,-87.96093558858678,25.735660052939345,-111.19691012490044,63.515823214998036,43.45516597621089,6.7142610017647995,Cloudy
A-340,2020-01-15 04:00:00,2020-01-15 04:30:00,36.79878100280398,-123.25361597446498,31.184389324269127,-102.78647964126174,90.09424382467344,45.3212367606532,8.946715277430094,Clear
A-341,2020-01-15 05:00:00,2020-01-15 05:30:00,36.36332249873358,-86.1783697950475,36.10295096174359,-99.37161767218083,35.680613162660435,77.88384760123205,5.998664167863435,Cloudy
A-342,2020-01-15 06:00:00,2020-01-15 06:30:00,29.156844877840363,-113.85194988842417,45.83854012980113,-98.95391558741622,36.41440112655228,92.65837889308678,6.50771758111968,Fog
A-343,2020-01-15 07:00:00,2020-01-15 07:30:00,35.412439581711354,-69.21899190424105,42.45205767439139,-89.06244379781205,58.38170334687874,95.58357350522935,1.9865288020342056,Cloudy
A-344,2020-01-15 08:00:00,2020-01-15 08:30:00,34.56411362553696,-115.52622451807257,42.824956508799545,-70.24467724855167,105.33805692951401,61.94103274344887,5.002251591102976,Clear
A-345,2020-01-15 09:00:00,2020-01-15 09:30:00,39.780402353253194,-100.36642494755965,35.211840026753805,-110.28051542554722,83.48581173783313,42.14090433704526,7.30577256360194,Clear
A-346,2020-01-15 10:00:00,2020-01-15 10:30:00,40.24224762082345,-119.1350689195173,33.30243982112711,-117.07442155084767,84.29359653380519,80.87941772729013,3.0739556340054714,Rain
A-347,2020-01-15 11:00:00,2020-01-15 11:30:00,26.08729623452907,-67.178167644781,33.904930311630466,-112.74418207798357,58.9535992670292,32.59012449360702,2.421414714983082,Clear
A-348,2020-01-15 12:00:00,2020-01-15 12:30:00,33.99070275103531,-95.37488441111917,48.703589529665386,-73.44528068807165,77.49286329668308,60.7666625950166,3.4813546781319475,Clear
A-349,2020-01-15 13:00:00,2020-01-15 13:30:00,40.020637977141675,-90.0630540127575,25.96262059389958,-87.18878367865327,30.81049472221947,42.272061537238585,2.7942559659319177,Cloudy
A-350,2020-01-15 14:00:00,2020-01-15 14:30:00,37.07527020592211,-120.17664078885963,45.808755906938764,-107.70331301336788,80.88768371276338,69.09679663370885,2.5416700518457604,Cloudy
A-351,2020-01-15 15:00:00,2020-01-15 15:30:00,45.55575618851974,-81.25225318724686,38.888209805737446,-77.49102447878882,103.06295580609894,31.635902160415622,4.536083007246826,Fog
A-352,2020-01-15 16:00:00,2020-01-15 16:30:00,40.80864715885468,-112.03538119355161,35.52677006055017,-74.90191020728415,79.00587746758553,27.24336511613432,9.124465881893574,Rain
A-353,2020-01-15 17:00:00,2020-01-15 17:30:00,28.910426249954313,-72.81090550187932,42.40618384996328,-75.74868269465415,99.89588747730761,92.64151780078933,5.317066644017824,Cloudy
A-354,2020-01-15 18:00:00,2020-01-15 18:30:00,26.693649937610317,-112.30704049252559,36.68005459419287,-71.62118758254539,87.9178444372875,19.162331465458323,2.285243617745569,Clear
A-355,2020-01-15 19:00:00,2020-01-15 19:30:00,40.41806267695158,-113.13079992217101,45.962157713959854,-109.62226185011839,39.64467331229522,55.53621169614385,1.2312308591183037,Fog
A-356,2020-01-15 20:00:00,2020-01-15 20:30:00,25.636271452998923,-121.9166689326586,46.6168447362702,-80.96261006146213,102.19626458286734,29.876750466670803,7.113483378810289,Cloudy
A-357,2020-01-15 21:00:00,2020-01-15 21:30:00,39.05861395056312,-97.09218412873004,35.12130224496293,-97.74924865537402,35.315507548461994,13.50369669931007,4.136588262145684,Rain
A-358,2020-01-15 22:00:00,2020-01-15 22:30:00,47.56552579419898,-91.80405540403086,31.643867133641237,-76.00608248526649,72.7173978038211,13.241693646228375,8.307393992560913,Rain
A-359,2020-01-15 23:00:00,2020-01-15 23:30:00,38.81138026902109,-120.25460755258392,39.216407886240695,-82.47603140178805,41.37096990347661,25.76995948952446,6.765352302087317,Fog
A-360,2020-01-16 00:00:00,2020-01-16 00:30:00,34.31607822895653,-79.7949258483844,46.89672029480059,-79.7424955495157,30.936528858472325,88.00933190554002,8.064293780143,Fog
A-361,2020-01-16 01:00:00,2020-01-16 01:30:00,40.438917242616476,-98.16253641936243,30.055892536136,-86.59877525217892,63.76274081021112,35.4230869579324,3.083487374475263,Fog
A-362,2020-01-16 02:00:00,2020-01-16 02:30:00,35.9980693717964,-94.10975464832794,39.95119800552359,-113.8865601402267,53.6032566123325,95.54132535177662,7.077409763380052,Fog
A-363,2020-01-16 03:00:00,2020-01-16 03:30:00,38.09480294358244,-98.876523424521,40.15744528222049,-92.93346562287451,68.88003950380823,62.34600636902742,3.0085888545903283,Fog
A-364,2020-01-16 04:00:00,2020-01-16 04:30:00,47.59515541063661,-101.15650553010641,42.59471253796674,-67.87382484710304,76.17599093876407,49.29527707918895,9.42115055477777,Clear
A-365,2020-01-16 05:00:00,2020-01-16 05:30:00,34.26646330721859,-92.10050111543158,28.157624443054235,-70.56888020966423,33.49912578471579,62.207995120250914,6.545555674567057,Clear
A-366,2020-01-16 06:00:00,2020-01-16 06:30:00,48.06857353177394,-115.15130598194939,42.17979915237012,-121.53909705957034,39.84026360989965,56.5028546703641,3.58286210166575,Cloudy
A-367,2020-01-16 07:00:00,2020-01-16 07:30:00,46.72841540694553,-113.63009656176955,46.81678049597538,-114.60555550342208,74.69139171603402,78.28986283815927,3.0603626917765903,Rain
A-368,2020-01-16 08:00:00,2020-01-16 08:30:00,29.698987234943115,-74.8782196022295,29.312394612885807,-116.49145991308997,57.45338825381266,35.424645937556704,2.313802558180613,Clear
A-369,2020-01-16 09:00:00,2020-01-16 09:30:00,26.66467122100397,-70.07141865838292,30.701039798173063,-82.61914513083815,88.33387900395584,41.77453524402721,7.099089109490414,Clear
A-370,2020-01-16 10:00:00,2020-01-16 10:30:00,27.41867203305824,-102.72136897205408,48.31348225699935,-77.38623619815414,82.18333188735517,90.46848722799257,2.5777983234803092,Clear
A-371,2020-01-16 11:00:00,2020-01-16 11:30:00,25.437323815637193,-108.56755363081743,29.343446865027754,-111.8298521202917,97.64834903919254,95.1810861835365,6.155381026311146,Cloudy
A-372,2020-01-16 12:00:00,2020-01-16 12:30:00,27.26663105814228,-87.2920260353761,45.5052422408699,-95.16639650174575,85.39942613353801,90.33024047378271,3.0140327557908946,Fog
A-373,2020-01-16 13:00:00,2020-01-16 13:30:00,41.39216256199256,-100.7021522474085,36.814668554752835,-76.07992740336161,64.39448619121185,47.75031945615822,6.7887049755417515,Cloudy
A-374,2020-01-16 14:00:00,2020-01-16 14:30:00,26.708527563045497,-122.55297772736034,30.933545785676248,-82.23031194832372,83.8373297915546,80.23289527061935,8.241927421135124,Rain
A-375,2020-01-16 15:00:00,2020-01-16 15:30:00,32.65541512705027,-115.09930195012714,45.897997630540274,-93.09247928696465,52.03049394043348,52.87021599709889,7.891239809874205,Rain
A-376,2020-01-16 16:00:00,2020-01-16 16:30:00,45.27700746326691,-83.18958295569834,35.68732612006397,-90.35018164384994,54.505079902257016,54.778586693149194,7.728087643842426,Rain
A-377,2020-01-16 17:00:00,2020-01-16 17:30:00,25.55852645765982,-86.44133531112138,37.355616494312564,-95.02344882577205,93.11881279366347,28.421209815155557,2.283362854076395,Rain
A-378,2020-01-16 18:00:00,2020-01-16 18:30:00,44.547243582134456,-122.45552842730145,33.621600865594374,-107.03973827482723,65.71356131212657,63.20172729326648,1.3396569963529277,Clear
A-379,2020-01-16 19:00:00,2020-01-16 19:30:00,31.764514594561597,-111.34758676982189,39.23082043443826,-91.79374640703608,93.8704272414682,26.752230797801314,7.140013870630163,Clear
A-380,2020-01-16 20:00:00,2020-01-16 20:30:00,27.83595586291975,-110.82873659447993,28.924572942040548,-84.73353778314484,95.79378989346228,39.84082291604744,3.9992985310463376,Cloudy
A-381,2020-01-16 21:00:00,2020-01-16 21:30:00,41.72169196873962,-85.70211361487247,34.38595687964226,-74.22059379593396,98.6049870129027,86.95271814579417,4.607289150831799,Fog
A-382,2020-01-16 22:00:00,2020-01-16 22:30:00,40.09462832271721,-122.87649934800125,48.2658957360469,-87.73139282318286,103.33081886729659,28.63682282897697,0.7959163815372151,Rain
A-383,2020-01-16 23:00:00,2020-01-16 23:30:00,46.05932832464927,-118.06581082687929,31.195202384827063,-80.61607238854,64.4788176410637,16.404245665608954,2.9659762681129673,Cloudy
A-384,2020-01-17 00:00:00,2020-01-17 00:30:00,42.64170505129326,-78.40478313372822,40.761679948991016,-114.87591680758933,55.509345465691105,16.21068333515347,0.8199258368074083,Clear
A-385,2020-01-17 01:00:00,2020-01-17 01:30:00,44.28354232923637,-113.82295426290298,32.80456154139268,-97.69122395807197,76.5758997275291,94.6706068452797,8.852264839711852,Clear
A-386,2020-01-17 02:00:00,2020-01-17 02:30:00,31.768829741711357,-86.79347185244313,43.56335501647841,-123.46809766985568,59.69379387501021,55.622839416565114,2.8122684905760393,Fog
A-387,2020-01-17 03:00:00,2020-01-17 03:30:00,29.25854905071335,-110.4235814803366,28.140967857240398,-109.9393047222675,78.08593334401863,46.84708646353165,5.794703110943576,Fog
A-388,2020-01-17 04:00:00,2020-01-17 04:30:00,43.0147540393806,-118.33184061271733,48.27570508188507,-82.59168223855872,86.44686901150597,82.97907229071266,0.8703035462807389,Fog
A-389,2020-01-17 05:00:00,2020-01-17 05:30:00,44.364033742414335,-110.13918511303112,35.890948993207346,-67.46683277308628,85.07240147937095,85.22433351194644,6.835050217403752,Cloudy
A-390,2020-01-17 06:00:00,2020-01-17 06:30:00,48.77212340801616,-82.83078488422743,30.665211120315135,-118.34684832352869,59.96423096160971,39.89719298040441,3.5687597846638917,Clear
A-391,2020-01-17 07:00:00,2020-01-17 07:30:00,34.902824245874235,-75.22530131794171,26.763921935920305,-101.11482399590656,43.34881613590022,72.42562517264157,9.030232276097825,Clear
A-392,2020-01-17 08:00:00,2020-01-17 08:30:00,33.9284340590268,-76.67746771968149,29.07418972210098,-78.3959547841479,64.4423470769766,79.40105342666979,8.937122794873341,Fog
A-393,2020-01-17 09:00:00,2020-01-17 09:30:00,43.63391105780792,-101.36053881174807,37.47457476534443,-112.36996882615277,41.4075315265527,68.91856181793591,3.590260874436604,Rain
A-394,2020-01-17 10:00:00,2020-01-17 10:30:00,33.17928496607243,-85.91914721547317,33.08807623435087,-92.36015788976968,101.20776281470467,23.643556732008943,9.059128509059445,Fog
A-395,2020-01-17 11:00:00,2020-01-17 11:30:00,47.33817581448555,-112.3158951612982,44.89320078118263,-82.21493612630854,57.67019685902859,88.82947751653514,9.9634978982384,Cloudy
A-396,2020-01-17 12:00:00,2020-01-17 12:30:00,45.60190604423228,-107.29057937512225,35.341300567883344,-88.88882933516979,42.3567797778659,58.51850974624078,8.341448809177507,Fog
A-397,2020-01-17 13:00:00,2020-01-17 13:30:00,35.29585665700044,-72.90885834429616,30.969142542103118,-113.28259012692128,32.03582079246007,35.422518373300335,8.526277803674676,Fog
A-398,2020-01-17 14:00:00,2020-01-17 14:30:00,43.02090562699594,-123.25889035988804,39.811479678496724,-103.74307958491285,81.66579090291874,48.27053668939245,2.8655829930363543,Cloudy
A-399,2020-01-17 15:00:00,2020-01-17 15:30:00,43.10902897803238,-119.12601374129532,41.9626532052507,-79.32386828433235,80.95218539637946,13.381398135901664,5.978672789148685,Fog
A-400,2020-01-17 16:00:00,2020-01-17 16:30:00,27.474972852062383,-112.15048345667644,29.009005789622798,-92.40908869447506,57.248333326503335,21.50801211001758,1.1389311826899946,Clear
A-401,2020-01-17 17:00:00,2020-01-17 17:30:00,46.6612697603096,-122.48766437919228,29.022861190919624,-123.70191202805397,35.73695110781208,78.89920754642748,1.4017203998058623,Rain
A-402,2020-01-17 18:00:00,2020-01-17 18:30:00,37.126056938748576,-113.65818019988156,25.880114246405032,-80.62352667839865,62.770311591618565,10.001047127982952,9.98947981431626,Fog
A-403,2020-01-17 19:00:00,2020-01-17 19:30:00,44.8349791865858,-90.76663102472754,42.673648361575374,-121.98725276840638,54.897399605071485,47.490924563406296,3.603072869546154,Cloudy
A-404,2020-01-17 20:00:00,2020-01-17 20:30:00,32.68119042473468,-99.97880061622762,40.93130866292332,-81.49317438431976,84.16965117880075,57.02591629770296,7.60774716446404,Rain
A-405,2020-01-17 21:00:00,2020-01-17 21:30:00,46.49255748390881,-73.11771246861244,36.39114101799554,-112.45860807058146,78.46233995621523,14.917097800087507,8.163318003754757,Cloudy
A-406,2020-01-17 22:00:00,2020-01-17 22:30:00,34.34084028961992,-77.40571698090886,45.260090775260736,-69.38981163319534,59.167498255803196,97.57703466750996,8.651221074568678,Rain
A-407,2020-01-17 23:00:00,2020-01-17 23:30:00,25.26010363552716,-104.51641095322107,44.33608367080127,-103.02737717578118,47.43140434039921,30.351279812470473,9.977468825320488,Rain
A-408,2020-01-18 00:00:00,2020-01-18 00:30:00,46.729167434062326,-109.21286429441633,39.04850474552205,-105.36489786872949,109.04287729244734,37.37788476726528,2.7942166099402446,Fog
A-409,2020-01-18 01:00:00,2020-01-18 01:30:00,27.190880242867205,-102.35753273446579,45.838510732318205,-115.51338113105065,66.32012969568919,37.35482610295246,0.8833328551671472,Clear
A-410,2020-01-18 02:00:00,2020-01-18 02:30:00,32.66352730216995,-90.35318827665596,29.940189040882437,-106.58055971705775,85.06193886241897,30.73749959056149,4.4063194209485665,Fog
A-411,2020-01-18 03:00:00,2020-01-18 03:30:00,47.80148720921932,-108.72037247309605,27.686070865545467,-74.03090657579257,41.244237406268866,10.132643987768027,1.735766363374996,Cloudy
A-412,2020-01-18 04:00:00,2020-01-18 04:30:00,47.81457152650135,-88.42351225259935,31.47399067640775,-67.20894275524691,68.84717597275183,75.64103146791967,0.7130459470395236,Cloudy
A-413,2020-01-18 05:00:00,2020-01-18 05:30:00,38.76250931495886,-100.6635358250993,26.370084546143556,-103.00635676110964,32.20293758955724,97.01609498193568,3.924054857844118,Rain
A-414,2020-01-18 06:00:00,2020-01-18 06:30:00,40.164093092075184,-92.53331069143712,37.74806867202477,-98.42919403559108,70.436409432836,30.186413495654055,7.945513385214746,Rain
A-415,2020-01-18 07:00:00,2020-01-18 07:30:00,35.76269252747967,-99.14078783928696,47.47853661507908,-82.84195652244398,107.12139256941619,69.67424726230801,5.8787165666381735,Clear
A-416,2020-01-18 08:00:00,2020-01-18 08:30:00,32.03705852075355,-107.21545170611068,25.94424497604423,-73.48684051349076,60.736537038864014,76.77066942628436,3.4713908974983636,Fog
A-417,2020-01-18 09:00:00,2020-01-18 09:30:00,32.88794908887798,-69.93816150315706,27.930637936240643,-90.1964729513533,33.11968100599293,86.35828411814722,6.716249052180837,Cloudy
A-418,2020-01-18 10:00:00,2020-01-18 10:30:00,41.14044294584892,-80.47446973289362,35.85277667880244,-101.68303520386372,32.47646327354748,48.03662773122482,2.7041727129337016,Rain
A-419,2020-01-18 11:00:00,2020-01-18 11:30:00,43.05698870650432,-116.0135489813122,47.41300042066972,-100.48055507162844,61.03894079574956,37.26378150763863,0.6366237376848077,Clear
A-420,2020-01-18 12:00:00,2020-01-18 12:30:00,43.99789704942037,-74.49732537381897,32.587746519442014,-84.34976564968201,42.801994917055524,39.2765620620728,7.76135717114606,Cloudy
A-421,2020-01-18 13:00:00,2020-01-18 13:30:00,43.95083542706929,-96.21642169977773,37.17363540852142,-123.81655897455612,31.868167706254873,74.13591997886616,6.425559306208086,Rain
A-422,2020-01-18 14:00:00,2020-01-18 14:30:00,27.18894647316857,-73.01052306703679,25.99774861720941,-88.68340776478908,90.49708911601414,83.51015198550725,7.74187493275912,Cloudy
A-423,2020-01-18 15:00:00,2020-01-18 15:30:00,36.86608731286196,-78.40825041100302,28.560236823090133,-103.73689840484263,66.68184071055126,26.34525709809424,0.8699111585328233,Clear
A-424,2020-01-18 16:00:00,2020-01-18 16:30:00,26.38141024039946,-99.7628302452537,48.679122951012324,-78.73075211720621,53.139581757812365,43.38469073419887,8.452636464391196,Clear
A-425,2020-01-18 17:00:00,2020-01-18 17:30:00,38.18869317576966,-122.7192494257533,48.16284871446509,-118.69953353008147,102.00665464131846,91.17461770742351,6.385498900344881,Cloudy
A-426,2020-01-18 18:00:00,2020-01-18 18:30:00,35.59673203296105,-108.68539051505807,25.11855954242583,-90.47247078394173,39.29111681604205,82.60241677252652,5.852255831770082,Fog
A-427,2020-01-18 19:00:00,2020-01-18 19:30:00,46.30490038619919,-93.12684976433059,47.843482850157734,-96.58454527649094,106.47350631642554,98.63725624862282,6.43383345708805,Cloudy
A-428,2020-01-18 20:00:00,2020-01-18 20:30:00,33.42196030124989,-87.8917414699096,40.338878507572005,-87.38744502340204,55.117337390188226,77.88234337138726,8.712115845249459,Rain
A-429,2020-01-18 21:00:00,2020-01-18 21:30:00,27.80960839426254,-109.30040193030747,45.83003906848053,-120.3033451144708,101.0722937846945,45.38756809251301,6.075896812309617,Fog
A-430,2020-01-18 22:00:00,2020-01-18 22:30:00,28.43180036926806,-116.05670377784902,35.91375653521262,-90.94092411659652,78.23543011835693,63.1574050595174,6.019028608937703,Rain
A-431,2020-01-18 23:00:00,2020-01-18 23:30:00,43.27625516121933,-76.40897650243994,37.374304685902004,-91.99537848630715,96.136588779319,69.49128288225883,9.911451992124775,Cloudy
A-432,2020-01-19 00:00:00,2020-01-19 00:30:00,39.837233519590264,-67.88907569989753,36.73231792616608,-92.04237461827826,108.72105305683715,17.061023468541155,7.688936587151396,Fog
A-433,2020-01-19 01:00:00,2020-01-19 01:30:00,27.426944226946965,-94.03565960874691,41.00474218110651,-89.60120300400207,53.07243502549966,59.00472631934786,4.701791151785785,Rain
A-434,2020-01-19 02:00:00,2020-01-19 02:30:00,27.01856334675994,-114.2142807066467,28.35163011415151,-85.44132757809734,106.89083883260744,73.83887456253487,7.220271500312814,Cloudy
A-435,2020-01-19 03:00:00,2020-01-19 03:30:00,41.82325915501888,-108.47848238839597,25.71936615694427,-78.11562701819612,61.15855159219363,25.058917360095435,4.197689481071991,Cloudy
A-436,2020-01-19 04:00:00,2020-01-19 04:30:00,26.746312152740643,-122.95173143679439,32.390318598188585,-108.62021895269179,60.84095237895379,80.25685456830014,2.6743168935932404,Fog
A-437,2020-01-19 05:00:00,2020-01-19 05:30:00,44.724641422968546,-71.88496802605155,41.91233830567952,-76.97218361973646,57.230968340360455,62.539550246270046,6.170092830433714,Cloudy
A-438,2020-01-19 06:00:00,2020-01-19 06:30:00,41.94981345175591,-117.28818827526196,29.84448285095076,-95.59942611098315,73.3126085878068,95.69996071278352,9.317729932082539,Clear
A-439,2020-01-19 07:00:00,2020-01-19 07:30:00,26.952370735405594,-91.13856089568755,41.162378399798015,-119.60767808934312,42.33160345427897,13.818006838620253,9.326825440146896,Rain
A-440,2020-01-19 08:00:00,2020-01-19 08:30:00,27.036105138044604,-108.37885242082926,48.27788910657449,-120.66259703309319,74.2969188286409,33.87935237999203,3.748100142002158,Rain
A-441,2020-01-19 09:00:00,2020-01-19 09:30:00,48.67934988402821,-92.41185385659978,27.25361717894604,-104.94841583432454,73.33638499280032,64.13984913698417,5.512935929106102,Cloudy
A-442,2020-01-19 10:00:00,2020-01-19 10:30:00,33.98249909814689,-86.86903786394373,41.14245083740303,-79.26087230464634,90.9521450083896,36.69039209853376,2.5105410364136813,Cloudy
A-443,2020-01-19 11:00:00,2020-01-19 11:30:00,33.89541152960538,-76.7047171886895,35.65000526330971,-83.6621867197678,96.69199695500684,74.2981747664118,9.958495540239392,Clear
A-444,2020-01-19 12:00:00,2020-01-19 12:30:00,44.507189614180064,-112.23398750964562,45.835414105060124,-79.04894701367283,65.23530802499393,78.3104754269738,9.820620124745389,Fog
A-445,2020-01-19 13:00:00,2020-01-19 13:30:00,47.73396585721261,-123.37323776646662,29.251594946737264,-94.51566378282827,54.1866599481195,19.2264367659827,6.67033483222075,Cloudy
A-446,2020-01-19 14:00:00,2020-01-19 14:30:00,48.664025531748905,-116.19751908607799,41.62302285342795,-98.90865711653704,50.746791785367556,56.24690177860909,8.141933566935997,Cloudy
A-447,2020-01-19 15:00:00,2020-01-19 15:30:00,43.081076446214595,-72.69893741465802,45.11476695155464,-115.59520597774181,45.569906936389756,55.80015000319503,7.29345153219515,Cloudy
A-448,2020-01-19 16:00:00,2020-01-19 16:30:00,34.03023005274198,-74.18826557893664,47.670741267376556,-105.29301304426924,34.61180657592199,43.2352693193987,6.135003080874948,Cloudy
A-449,2020-01-19 17:00:00,2020-01-19 17:30:00,27.00401720076805,-89.94745317629243,41.3979526789515,-99.26089612808912,57.395838306777065,93.96323763127049,1.006805971394528,Rain
A-450,2020-01-19 18:00:00,2020-01-19 18:30:00,43.651525982258484,-89.77053895528175,36.93219433620226,-118.94977550826182,51.61981537046266,84.47556878858991,4.82026125425028,Cloudy
A-451,2020-01-19 19:00:00,2020-01-19 19:30:00,38.40170199365932,-86.09290955086344,39.82833376482913,-111.42511869546095,107.31339086931258,72.7488443718673,6.9104698705904,Rain
A-452,2020-01-19 20:00:00,2020-01-19 20:30:00,35.18132822192743,-114.00383711846337,45.85371962748924,-89.90115823836689,74.61670610000351,74.28939721614978,6.936550331895004,Cloudy
A-453,2020-01-19 21:00:00,2020-01-19 21:30:00,46.752505242273664,-71.8785190822773,38.69463391933191,-82.06720248836618,57.78216312244061,51.55445294318072,4.044664875012645,Fog
A-454,2020-01-19 22:00:00,2020-01-19 22:30:00,27.668739575347633,-100.13008008115183,25.729289432724084,-67.09419185060187,76.43740807949568,92.88950689869183,9.44607387325129,Clear
A-455,2020-01-19 23:00:00,2020-01-19 23:30:00,36.82300250298062,-102.16110388977864,47.34276869216747,-70.81254011341721,41.13573610765564,72.51358845279569,2.0898918062494194,Fog
A-456,2020-01-20 00:00:00,2020-01-20 00:30:00,25.272487474418057,-94.42169079887826,41.54864202475747,-87.37378362649409,65.52349993617624,75.60829554902348,5.253414739047826,Cloudy
A-457,2020-01-20 01:00:00,2020-01-20 01:30:00,36.247855407859035,-121.32293989382187,41.236321258653916,-99.9888609622379,80.0987457136851,87.55218134086107,7.063397777232817,Cloudy
A-458,2020-01-20 02:00:00,2020-01-20 02:30:00,26.351278616364098,-114.52184798090347,30.176203657545212,-87.73789021163074,69.11182654339612,34.66644304079719,7.122790155972187,Cloudy
A-459,2020-01-20 03:00:00,2020-01-20 03:30:00,27.851629990433725,-81.93208386369687,40.813251285583775,-79.21785776942679,62.14230405234594,82.63638134800327,6.6620700893037474,Fog
A-460,2020-01-20 04:00:00,2020-01-20 04:30:00,27.820629922650518,-119.28047592826779,34.45274573569981,-117.25483711736692,109.50787111197586,27.571654266084284,3.1152380277926714,Cloudy
A-461,2020-01-20 05:00:00,2020-01-20 05:30:00,40.581047250785524,-89.62032976041587,40.62959144899581,-100.63542128731157,100.42518097191416,41.0807757020399,1.9839624025229088,Fog
A-462,2020-01-20 06:00:00,2020-01-20 06:30:00,42.90507710237016,-110.01510074816471,27.558232727391776,-76.13126971876983,79.87247665275521,40.20494088428585,6.541433104853753,Rain
A-463,2020-01-20 07:00:00,2020-01-20 07:30:00,39.00085036233183,-101.81014999960733,40.78828731047287,-102.12152173981649,75.55018889458262,98.06729215502266,6.193370103324659,Clear
A-464,2020-01-20 08:00:00,2020-01-20 08:30:00,48.092141163389,-107.54445700407011,48.985929418496,-91.40328054005036,79.65283838596673,87.08835013731341,2.2038820977477895,Clear
A-465,2020-01-20 09:00:00,2020-01-20 09:30:00,33.99689390856889,-103.7266551614979,26.157088932653345,-90.4971464308547,46.10496862579466,73.10528754312338,7.198821882920352,Fog
A-466,2020-01-20 10:00:00,2020-01-20 10:30:00,31.857090070764656,-83.014383404498,48.45218042131162,-113.48485357138256,61.61101946114549,75.4351085453851,4.824133921469736,Rain
A-467,2020-01-20 11:00:00,2020-01-20 11:30:00,45.846379076547045,-107.06406220947902,34.76579105734889,-103.35257982581956,33.156762631271945,60.586551496231394,6.843725620229953,Fog
A-468,2020-01-20 12:00:00,2020-01-20 12:30:00,30.366300124466864,-91.71493550307686,45.898082808094216,-104.93285654170987,68.04368299894614,95.23816003976671,8.45498725781643,Rain
A-469,2020-01-20 13:00:00,2020-01-20 13:30:00,48.11734094657467,-96.86512707465133,43.77725161739856,-122.5067876136723,73.44196671661305,54.66328775941254,2.11242007148077,Cloudy
A-470,2020-01-20 14:00:00,2020-01-20 14:30:00,25.291707392555594,-86.17074357432907,38.60839026368003,-122.62106945819275,48.21997888825677,44.246593888290505,0.6818762459699484,Rain
A-471,2020-01-20 15:00:00,2020-01-20 15:30:00,48.27709184098334,-70.6007048584888,42.72278102203184,-76.59326851048091,107.1223077732411,24.67318032384319,7.901474570759975,Rain
A-472,2020-01-20 16:00:00,2020-01-20 16:30:00,26.035837886813827,-82.24339045901573,46.084373471232354,-108.4349638315497,102.75636887497936,80.75850870349522,6.292125538949851,Rain
A-473,2020-01-20 17:00:00,2020-01-20 17:30:00,46.3874347287537,-111.74839842032686,34.69936771962479,-94.46951032438753,87.77145883647248,76.09995388680323,7.146575911410157,Clear
A-474,2020-01-20 18:00:00,2020-01-20 18:30:00,37.664826618071196,-122.22256130150677,32.84879587751773,-106.97264230543993,72.670930301229,44.59195346717214,8.462472262392104,Rain
A-475,2020-01-20 19:00:00,2020-01-20 19:30:00,48.83115510686321,-109.05094947490997,41.02224125352603,-70.3812830284256,99.5975327718148,12.267407256330642,8.126703880832755,Cloudy
A-476,2020-01-20 20:00:00,2020-01-20 20:30:00,26.771117553649574,-90.08055795008548,44.3883026065902,-109.2200847446509,40.452187505877035,85.50975949462097,9.628741395823834,Cloudy
A-477,2020-01-20 21:00:00,2020-01-20 21:30:00,38.2925028256317,-121.06872863139773,43.294843234638776,-99.5095616738807,93.2407835419908,11.027618510866628,5.591383249095123,Cloudy
A-478,2020-01-20 22:00:00,2020-01-20 22:30:00,48.26326085485837,-95.70712390952953,44.14752757260723,-74.25437572237769,39.985665117347864,73.33298016661459,5.140708510269101,Rain
A-479,2020-01-20 23:00:00,2020-01-20 23:30:00,37.55434826008357,-89.97995761173732,35.45399955551039,-76.00978669286691,93.53685300395243,97.32313987534513,4.317928398961936,Fog
A-480,2020-01-21 00:00:00,2020-01-21 00:30:00,40.105567315246304,-104.94809822343323,44.62802118820052,-113.39221918276219,52.06140546010856,49.38951953333831,1.9600649070199432,Fog
A-481,2020-01-21 01:00:00,2020-01-21 01:30:00,41.697968535630814,-80.05800438648815,27.8850173288946,-78.2493313416445,100.16724648145511,31.14760644963575,5.939768712379213,Cloudy
A-482,2020-01-21 02:00:00,2020-01-21 02:30:00,35.90898555442656,-117.923899571375,38.067738351060385,-97.88334745594011,105.52336750603183,73.43839090390435,3.1316189810967985,Clear
A-483,2020-01-21 03:00:00,2020-01-21 03:30:00,40.06139392201752,-119.7171464410589,25.138207851954917,-96.47077429113475,41.90367755240925,83.54153278140267,9.252421366023267,Fog
A-484,2020-01-21 04:00:00,2020-01-21 04:30:00,39.02354348615441,-82.49324089639461,32.790059917606484,-116.3916415722912,67.01404840523148,59.17872844700626,6.040312640632427,Rain
A-485,2020-01-21 05:00:00,2020-01-21 05:30:00,46.62779225178373,-95.75699497624669,33.79507683691355,-119.40571371584389,108.47899025301481,97.03317477305316,6.131981714827046,Fog
A-486,2020-01-21 06:00:00,2020-01-21 06:30:00,26.090713128194988,-84.76106340361905,34.50814459862213,-82.50745950249538,68.67259487785174,14.650184949216499,3.871784278331595,Cloudy
A-487,2020-01-21 07:00:00,2020-01-21 07:30:00,31.74311655021353,-99.21484169958646,41.69121296055669,-95.70171431574792,99.08380180116362,55.43160384740753,0.9938988437882211,Clear
A-488,2020-01-21 08:00:00,2020-01-21 08:30:00,47.809875617837406,-109.95508410537091,34.3253944304883,-99.09950995093476,77.09852177050558,74.6608552590295,0.8015657710433919,Fog
A-489,2020-01-21 09:00:00,2020-01-21 09:30:00,46.36633081338199,-77.31116789257061,35.768646942940734,-82.41803096681338,60.02639263356815,87.63764240342611,4.5216838694553765,Fog
A-490,2020-01-21 10:00:00,2020-01-21 10:30:00,35.93576206685711,-78.43329489876818,30.70105914098386,-80.36576475750675,52.862684442069614,26.133005071701103,1.3033710919237596,Cloudy
A-491,2020-01-21 11:00:00,2020-01-21 11:30:00,39.88318234723688,-84.40230116129767,33.958042999104165,-114.94223444284685,46.257847286886985,82.00031335873133,6.265046077631322,Clear
A-492,2020-01-21 12:00:00,2020-01-21 12:30:00,31.657148391547185,-108.48772717789213,30.454471054315636,-89.21716647977445,90.94385531021578,59.743636814669074,8.869243553576746,Clear
A-493,2020-01-21 13:00:00,2020-01-21 13:30:00,29.514907833370273,-90.35685198846204,26.756702170442647,-116.28481731017193,60.92324054584223,45.68983137909669,8.88769075692786,Cloudy
A-494,2020-01-21 14:00:00,2020-01-21 14:30:00,36.12876171855957,-103.42448787441847,39.48276624115307,-81.1716200963444,70.90203697606009,21.854352572118422,6.760931396256208,Rain
A-495,2020-01-21 15:00:00,2020-01-21 15:30:00,33.48045347262527,-118.77982182038185,41.03710716532039,-86.55355609277305,69.38603840009455,87.87661830180211,2.5067023989928447,Fog
A-496,2020-01-21 16:00:00,2020-01-21 16:30:00,39.00774668442093,-71.71312619865216,39.86776830423075,-69.47296659824289,76.1823223386505,24.154588736174382,8.698469897909284,Rain
A-497,2020-01-21 17:00:00,2020-01-21 17:30:00,26.865631287159637,-116.2013380376192,36.12385705121373,-120.06939306768399,99.24617164996418,37.880907328818935,8.917887635475477,Fog
A-498,2020-01-21 18:00:00,2020-01-21 18:30:00,48.385475383987995,-69.83647083221426,34.11485872430151,-120.74788089437851,108.45914748667435,36.10409787661932,2.368209057053108,Fog
A-499,2020-01-21 19:00:00,2020-01-21 19:30:00,48.66905786751047,-98.57767094139652,45.72000758972381,-107.9153367424876,62.606736685905354,88.42726307717689,7.505547814821434,Rain
